sound,user_answer,notes,reviewer_name,review_number,conflicts,Begin File,label
t-11844438_1.wav,Yes,,Ann,review1,,t-11844438_1.wav,1
t-11844438_10.wav,Yes,,Diana,review1,,t-11844438_10.wav,1
t-11844438_100.wav,Yes,,Ethan,review2,,t-11844438_100.wav,1
t-11844438_101.wav,Yes,,Amy,review2,resolved,t-11844438_101.wav,1
t-11844438_102.wav,Yes,,Amy,review1,,t-11844438_102.wav,1
t-11844438_103.wav,Yes,,Rohit,review2,resolved,t-11844438_103.wav,1
t-11844438_104.wav,Yes,,Camille,review2,,t-11844438_104.wav,1
t-11844438_105.wav,Yes,,Camille,review1,,t-11844438_105.wav,1
t-11844438_106.wav,Yes,,Diana,review1,,t-11844438_106.wav,1
t-11844438_107.wav,Yes,,Amy,review2,resolved,t-11844438_107.wav,1
t-11844438_108.wav,Yes,,Amy,review1,resolved,t-11844438_108.wav,1
t-11844438_109.wav,Yes,,Ethan,review2,resolved,t-11844438_109.wav,1
t-11844438_11.wav,Yes,,Amy,review2,,t-11844438_11.wav,1
t-11844438_110.wav,Yes,,Ethan,review2,,t-11844438_110.wav,1
t-11844438_111.wav,Yes,,Camille,review1,resolved,t-11844438_111.wav,1
t-11844438_112.wav,Yes,,Ethan,review2,,t-11844438_112.wav,1
t-11844438_113.wav,Yes,,Ann,review2,resolved,t-11844438_113.wav,1
t-11844438_114.wav,Yes,,Amy,review1,resolved,t-11844438_114.wav,1
t-11844438_115.wav,Yes,,Ethan,review2,resolved,t-11844438_115.wav,1
t-11844438_116.wav,Yes,,Diana,review2,,t-11844438_116.wav,1
t-11844438_117.wav,Yes,,Camille,review1,,t-11844438_117.wav,1
t-11844438_118.wav,Yes,,Ethan,review2,resolved,t-11844438_118.wav,1
t-11844438_119.wav,Yes,,Ethan,review1,resolved,t-11844438_119.wav,1
t-11844438_12.wav,Yes,,Amy,review1,,t-11844438_12.wav,1
t-11844438_120.wav,Yes,,Amy,review1,resolved,t-11844438_120.wav,1
t-11844438_121.wav,Yes,,Rohit,review2,resolved,t-11844438_121.wav,1
t-11844438_122.wav,Yes,,Camille,review2,,t-11844438_122.wav,1
t-11844438_123.wav,Yes,,Camille,review1,,t-11844438_123.wav,1
t-11844438_124.wav,Yes,,Ethan,review2,,t-11844438_124.wav,1
t-11844438_125.wav,Yes,,Camille,review2,,t-11844438_125.wav,1
t-11844438_126.wav,Yes,,Amy,review1,resolved,t-11844438_126.wav,1
t-11844438_127.wav,Yes,,Amy,review2,,t-11844438_127.wav,1
t-11844438_128.wav,Yes,,Amy,review2,,t-11844438_128.wav,1
t-11844438_129.wav,Yes,,Camille,review1,,t-11844438_129.wav,1
t-11844438_13.wav,Yes,,Ann,review1,,t-11844438_13.wav,1
t-11844438_130.wav,Yes,,Diana,review1,,t-11844438_130.wav,1
t-11844438_131.wav,Yes,,Amy,review2,,t-11844438_131.wav,1
t-11844438_132.wav,Yes,,Amy,review1,resolved,t-11844438_132.wav,1
t-11844438_133.wav,Yes,,Ethan,review2,resolved,t-11844438_133.wav,1
t-11844438_134.wav,Yes,Sounds different?,Camille,review2,,t-11844438_134.wav,1
t-11844438_135.wav,Yes,,Camille,review1,,t-11844438_135.wav,1
t-11844438_136.wav,Yes,,Diana,review1,,t-11844438_136.wav,1
t-11844438_137.wav,Yes,,Amy,review2,,t-11844438_137.wav,1
t-11844438_138.wav,Yes,,Amy,review1,,t-11844438_138.wav,1
t-11844438_139.wav,Yes,,Amy,review2,resolved,t-11844438_139.wav,1
t-11844438_14.wav,Yes,,Ann,review2,,t-11844438_14.wav,1
t-11844438_140.wav,Yes,,Ann,review2,,t-11844438_140.wav,0
t-11844438_141.wav,Yes,,Camille,review1,,t-11844438_141.wav,1
t-11844438_142.wav,Yes,,Diana,review1,resolved,t-11844438_142.wav,1
t-11844438_143.wav,Yes,,Ethan,review1,resolved,t-11844438_143.wav,1
t-11844438_144.wav,Yes,,Amy,review1,,t-11844438_144.wav,1
t-11844438_145.wav,Yes,,Amy,review2,resolved,t-11844438_145.wav,1
t-11844438_146.wav,Yes,,Ann,review2,,t-11844438_146.wav,0
t-11844438_147.wav,Yes,,Camille,review1,,t-11844438_147.wav,1
t-11844438_148.wav,Yes,,Diana,review1,resolved,t-11844438_148.wav,1
t-11844438_149.wav,Yes,,Ethan,review1,,t-11844438_149.wav,1
t-11844438_15.wav,Yes,,Camille,review1,,t-11844438_15.wav,1
t-11844438_150.wav,Yes,,Amy,review1,,t-11844438_150.wav,1
t-11844438_151.wav,Yes,,Camille,review2,resolved,t-11844438_151.wav,1
t-11844438_152.wav,Yes,,Diana,review2,,t-11844438_152.wav,1
t-11844438_153.wav,Yes,,Camille,review1,resolved,t-11844438_153.wav,1
t-11844438_154.wav,Yes,,Diana,review1,,t-11844438_154.wav,1
t-11844438_155.wav,Yes,,Amy,review2,,t-11844438_155.wav,1
t-11844438_156.wav,Yes,,Amy,review1,,t-11844438_156.wav,1
t-11844438_157.wav,Yes,,Ann,review1,,t-11844438_157.wav,1
t-11844438_158.wav,Yes,,Camille,review2,,t-11844438_158.wav,1
t-11844438_159.wav,Yes,,Camille,review1,,t-11844438_159.wav,1
t-11844438_16.wav,Yes,,Diana,review1,resolved,t-11844438_16.wav,1
t-11844438_160.wav,Yes,,Diana,review1,resolved,t-11844438_160.wav,1
t-11844438_161.wav,Yes,,Camille,review2,,t-11844438_161.wav,1
t-11844438_162.wav,Yes,,Amy,review1,,t-11844438_162.wav,1
t-11844438_163.wav,Yes,,Rohit,review2,,t-11844438_163.wav,1
t-11844438_164.wav,Yes,,Ethan,review2,,t-11844438_164.wav,1
t-11844438_165.wav,Yes,,Camille,review1,,t-11844438_165.wav,1
t-11844438_166.wav,Yes,,Diana,review1,,t-11844438_166.wav,1
t-11844438_167.wav,Yes,,Ethan,review1,,t-11844438_167.wav,1
t-11844438_168.wav,Yes,,Amy,review1,,t-11844438_168.wav,1
t-11844438_169.wav,Yes,,Amy,review2,,t-11844438_169.wav,1
t-11844438_17.wav,Yes,,Ann,review2,resolved,t-11844438_17.wav,1
t-11844438_170.wav,Maybe,,Ann,review2,,t-11844438_170.wav,-1
t-11844438_171.wav,Yes,,Camille,review1,,t-11844438_171.wav,1
t-11844438_172.wav,Yes,,Diana,review1,,t-11844438_172.wav,1
t-11844438_173.wav,Yes,,Amy,review2,,t-11844438_173.wav,1
t-11844438_174.wav,Yes,,Amy,review1,,t-11844438_174.wav,1
t-11844438_175.wav,Yes,,Rohit,review2,,t-11844438_175.wav,1
t-11844438_176.wav,Yes,,Camille,review2,,t-11844438_176.wav,1
t-11844438_177.wav,Yes,,Camille,review1,,t-11844438_177.wav,1
t-11844438_178.wav,Yes,,Diana,review1,,t-11844438_178.wav,1
t-11844438_179.wav,Yes,,Ethan,review1,,t-11844438_179.wav,1
t-11844438_18.wav,Yes,,Amy,review1,,t-11844438_18.wav,1
t-11844438_180.wav,Yes,,Amy,review1,,t-11844438_180.wav,1
t-11844438_181.wav,Yes,,Amy,review2,,t-11844438_181.wav,1
t-11844438_182.wav,Yes,,Camille,review2,,t-11844438_182.wav,1
t-11844438_183.wav,Yes,,Camille,review1,,t-11844438_183.wav,1
t-11844438_184.wav,Yes,,Diana,review1,,t-11844438_184.wav,1
t-11844438_185.wav,Yes,,Ethan,review1,,t-11844438_185.wav,1
t-11844438_186.wav,Yes,,Amy,review1,,t-11844438_186.wav,1
t-11844438_187.wav,Yes,,Camille,review2,,t-11844438_187.wav,1
t-11844438_188.wav,Yes,,Ann,review2,,t-11844438_188.wav,1
t-11844438_189.wav,Yes,,Camille,review1,,t-11844438_189.wav,1
t-11844438_19.wav,Yes,,Ann,review1,,t-11844438_19.wav,1
t-11844438_190.wav,Yes,,Diana,review1,,t-11844438_190.wav,1
t-11844438_191.wav,Yes,,Amy,review2,,t-11844438_191.wav,1
t-11844438_192.wav,Yes,,Amy,review1,resolved,t-11844438_192.wav,1
t-11844438_193.wav,Yes,,Amy,review2,,t-11844438_193.wav,1
t-11844438_194.wav,Yes,,Ann,review2,,t-11844438_194.wav,1
t-11844438_195.wav,Yes,,Camille,review1,,t-11844438_195.wav,1
t-11844438_196.wav,Yes,,Diana,review1,,t-11844438_196.wav,1
t-11844438_197.wav,Yes,,Ann,review2,resolved,t-11844438_197.wav,1
t-11844438_198.wav,Yes,,Amy,review1,resolved,t-11844438_198.wav,1
t-11844438_199.wav,Yes,,Camille,review2,resolved,t-11844438_199.wav,1
t-11844438_2.wav,Yes,,Diana,review2,,t-11844438_2.wav,1
t-11844438_20.wav,Yes,,Camille,review2,,t-11844438_20.wav,1
t-11844438_200.wav,Yes,,Ethan,review2,,t-11844438_200.wav,1
t-11844438_201.wav,Yes,,Camille,review1,,t-11844438_201.wav,1
t-11844438_202.wav,Yes,,Diana,review1,resolved,t-11844438_202.wav,1
t-11844438_203.wav,Yes,,Amy,review2,,t-11844438_203.wav,1
t-11844438_204.wav,Yes,,Amy,review1,,t-11844438_204.wav,1
t-11844438_205.wav,Yes,,Rohit,review2,resolved,t-11844438_205.wav,1
t-11844438_206.wav,Maybe,,Ann,review2,,t-11844438_206.wav,-1
t-11844438_207.wav,Yes,,Camille,review1,,t-11844438_207.wav,1
t-11844438_208.wav,Yes,,Diana,review1,,t-11844438_208.wav,1
t-11844438_209.wav,Yes,,Ethan,review1,,t-11844438_209.wav,1
t-11844438_21.wav,Yes,,Camille,review1,,t-11844438_21.wav,1
t-11844438_210.wav,Yes,,Amy,review1,,t-11844438_210.wav,1
t-11844438_211.wav,Yes,,Amy,review2,resolved,t-11844438_211.wav,1
t-11844438_212.wav,Yes,,Ann,review2,,t-11844438_212.wav,1
t-11844438_213.wav,Yes,,Camille,review1,,t-11844438_213.wav,1
t-11844438_214.wav,Yes,,Diana,review1,,t-11844438_214.wav,1
t-11844438_215.wav,Yes,,Amy,review2,,t-11844438_215.wav,1
t-11844438_216.wav,Yes,,Amy,review1,,t-11844438_216.wav,1
t-11844438_217.wav,Yes,,Amy,review2,,t-11844438_217.wav,1
t-11844438_218.wav,Yes,,Amy,review2,,t-11844438_218.wav,1
t-11844438_219.wav,Yes,,Camille,review1,,t-11844438_219.wav,1
t-11844438_22.wav,Yes,,Diana,review1,,t-11844438_22.wav,1
t-11844438_220.wav,Yes,,Diana,review1,,t-11844438_220.wav,1
t-11844438_221.wav,Yes,,Amy,review2,,t-11844438_221.wav,1
t-11844438_222.wav,Yes,,Amy,review1,,t-11844438_222.wav,1
t-11844438_223.wav,Yes,,Rohit,review2,,t-11844438_223.wav,1
t-11844438_224.wav,Yes,,Camille,review2,,t-11844438_224.wav,1
t-11844438_225.wav,Yes,,Camille,review1,,t-11844438_225.wav,1
t-11844438_226.wav,Yes,,Diana,review1,,t-11844438_226.wav,1
t-11844438_227.wav,Yes,,Amy,review2,,t-11844438_227.wav,1
t-11844438_228.wav,Yes,,Amy,review1,resolved,t-11844438_228.wav,1
t-11844438_229.wav,Yes,,Ann,review1,,t-11844438_229.wav,1
t-11844438_23.wav,Yes,,Camille,review2,,t-11844438_23.wav,1
t-11844438_230.wav,Yes,,Camille,review2,,t-11844438_230.wav,1
t-11844438_231.wav,Yes,,Camille,review1,,t-11844438_231.wav,1
t-11844438_232.wav,Yes,,Diana,review1,,t-11844438_232.wav,1
t-11844438_233.wav,Yes,,Ethan,review1,,t-11844438_233.wav,1
t-11844438_234.wav,Yes,,Amy,review1,,t-11844438_234.wav,1
t-11844438_235.wav,Yes,,Amy,review2,,t-11844438_235.wav,1
t-11844438_236.wav,Yes,,Camille,review2,,t-11844438_236.wav,1
t-11844438_237.wav,Yes,,Camille,review1,,t-11844438_237.wav,1
t-11844438_238.wav,Yes,,Diana,review1,,t-11844438_238.wav,1
t-11844438_239.wav,Yes,,Ethan,review1,,t-11844438_239.wav,1
t-11844438_24.wav,Yes,,Amy,review1,,t-11844438_24.wav,1
t-11844438_240.wav,Yes,,Amy,review1,,t-11844438_240.wav,1
t-11844438_241.wav,Yes,,Ann,review1,,t-11844438_241.wav,1
t-11844438_242.wav,Yes,,Ethan,review2,,t-11844438_242.wav,1
t-11844438_243.wav,Yes,,Camille,review1,,t-11844438_243.wav,1
t-11844438_244.wav,Yes,,Diana,review1,,t-11844438_244.wav,1
t-11844438_245.wav,Yes,,Camille,review2,,t-11844438_245.wav,1
t-11844438_246.wav,Yes,,Amy,review1,,t-11844438_246.wav,1
t-11844438_247.wav,Yes,,Ann,review1,,t-11844438_247.wav,1
t-11844438_248.wav,Yes,,Camille,review2,,t-11844438_248.wav,1
t-11844438_249.wav,Yes,,Camille,review1,,t-11844438_249.wav,1
t-11844438_25.wav,Yes,,Rohit,review2,,t-11844438_25.wav,1
t-11844438_250.wav,Yes,,Diana,review1,,t-11844438_250.wav,1
t-11844438_251.wav,Yes,,Amy,review2,,t-11844438_251.wav,1
t-11844438_252.wav,Yes,,Amy,review1,,t-11844438_252.wav,1
t-11844438_253.wav,Yes,,Ethan,review2,resolved,t-11844438_253.wav,1
t-11844438_254.wav,Maybe,Can see faint likes where call would be but I can't hear it,Camille,review2,,t-11844438_254.wav,-1
t-11844438_255.wav,Yes,,Camille,review1,,t-11844438_255.wav,1
t-11844438_256.wav,Yes,,Ethan,review2,,t-11844438_256.wav,1
t-11844438_257.wav,Yes,,Ann,review2,,t-11844438_257.wav,1
t-11844438_258.wav,Yes,,Amy,review1,,t-11844438_258.wav,1
t-11844438_259.wav,Yes,,Amy,review2,resolved,t-11844438_259.wav,1
t-11844438_26.wav,Yes,,Diana,review2,,t-11844438_26.wav,1
t-11844438_260.wav,Yes,,Amy,review2,,t-11844438_260.wav,1
t-11844438_261.wav,Yes,,Camille,review1,resolved,t-11844438_261.wav,1
t-11844438_262.wav,Yes,,Diana,review1,,t-11844438_262.wav,1
t-11844438_263.wav,Yes,,Amy,review2,,t-11844438_263.wav,1
t-11844438_264.wav,Yes,,Amy,review1,,t-11844438_264.wav,1
t-11844438_265.wav,Yes,,Rohit,review2,,t-11844438_265.wav,1
t-11844438_266.wav,Maybe,,Diana,review2,,t-11844438_266.wav,-1
t-11844438_267.wav,Yes,Spectogram shows up but I dont hear it,Camille,review1,resolved,t-11844438_267.wav,1
t-11844438_268.wav,Yes,,Diana,review1,,t-11844438_268.wav,1
t-11844438_269.wav,Yes,,Amy,review2,,t-11844438_269.wav,1
t-11844438_27.wav,Yes,,Camille,review1,,t-11844438_27.wav,1
t-11844438_270.wav,Yes,,Amy,review1,,t-11844438_270.wav,1
t-11844438_271.wav,Yes,,Ethan,review2,,t-11844438_271.wav,1
t-11844438_272.wav,Yes,,Diana,review2,,t-11844438_272.wav,1
t-11844438_273.wav,Yes,,Camille,review1,,t-11844438_273.wav,1
t-11844438_274.wav,Yes,,Diana,review1,resolved,t-11844438_274.wav,1
t-11844438_275.wav,Yes,,Camille,review2,,t-11844438_275.wav,1
t-11844438_276.wav,Yes,,Amy,review1,,t-11844438_276.wav,1
t-11844438_277.wav,Yes,,Rohit,review2,,t-11844438_277.wav,1
t-11844438_278.wav,Yes,,Camille,review2,,t-11844438_278.wav,1
t-11844438_279.wav,Yes,,Camille,review1,,t-11844438_279.wav,1
t-11844438_28.wav,Yes,,Ethan,review2,,t-11844438_28.wav,1
t-11844438_280.wav,Yes,,Diana,review1,,t-11844438_280.wav,1
t-11844438_281.wav,Yes,,Ethan,review1,,t-11844438_281.wav,1
t-11844438_282.wav,Yes,,Amy,review1,,t-11844438_282.wav,1
t-11844438_283.wav,Yes,,Amy,review2,,t-11844438_283.wav,1
t-11844438_284.wav,Yes,,Ethan,review2,,t-11844438_284.wav,1
t-11844438_285.wav,Yes,,Camille,review1,,t-11844438_285.wav,1
t-11844438_286.wav,Yes,,Diana,review1,,t-11844438_286.wav,1
t-11844438_287.wav,Yes,,Ethan,review1,resolved,t-11844438_287.wav,1
t-11844438_288.wav,Yes,,Amy,review1,,t-11844438_288.wav,1
t-11844438_289.wav,Yes,,Camille,review2,,t-11844438_289.wav,1
t-11844438_29.wav,Yes,,Ethan,review1,,t-11844438_29.wav,1
t-11844438_290.wav,Yes,,Ann,review2,,t-11844438_290.wav,1
t-11844438_291.wav,Yes,,Camille,review1,,t-11844438_291.wav,1
t-11844438_292.wav,Yes,,Diana,review1,,t-11844438_292.wav,1
t-11844438_293.wav,Yes,,Ethan,review1,,t-11844438_293.wav,1
t-11844438_294.wav,Yes,,Amy,review1,resolved,t-11844438_294.wav,1
t-11844438_295.wav,Yes,,Rohit,review2,,t-11844438_295.wav,1
t-11844438_296.wav,Yes,,Ethan,review2,,t-11844438_296.wav,1
t-11844438_297.wav,Yes,,Camille,review1,,t-11844438_297.wav,1
t-11844438_298.wav,Yes,,Diana,review1,,t-11844438_298.wav,1
t-11844438_299.wav,Yes,,Amy,review2,,t-11844438_299.wav,1
t-11844438_3.wav,Yes,,Camille,review1,,t-11844438_3.wav,1
t-11844438_30.wav,Yes,,Amy,review1,,t-11844438_30.wav,1
t-11844438_300.wav,Yes,,Amy,review1,,t-11844438_300.wav,1
t-11844438_301.wav,Yes,,Ann,review1,,t-11844438_301.wav,1
t-11844438_302.wav,Yes,,Camille,review2,,t-11844438_302.wav,1
t-11844438_303.wav,Yes,,Camille,review1,resolved,t-11844438_303.wav,1
t-11844438_304.wav,Yes,,Ethan,review2,,t-11844438_304.wav,1
t-11844438_305.wav,Yes,,Ethan,review1,,t-11844438_305.wav,1
t-11844438_306.wav,Yes,,Amy,review1,,t-11844438_306.wav,1
t-11844438_307.wav,Yes,,Ethan,review2,,t-11844438_307.wav,1
t-11844438_308.wav,Yes,,Ann,review2,,t-11844438_308.wav,1
t-11844438_309.wav,Yes,,Camille,review1,,t-11844438_309.wav,1
t-11844438_31.wav,Yes,,Rohit,review2,,t-11844438_31.wav,1
t-11844438_310.wav,Yes,,Diana,review1,,t-11844438_310.wav,1
t-11844438_311.wav,Yes,,Ethan,review1,,t-11844438_311.wav,1
t-11844438_312.wav,Yes,,Amy,review1,,t-11844438_312.wav,1
t-11844438_313.wav,Yes,,Camille,review2,,t-11844438_313.wav,1
t-11844438_314.wav,Yes,,Ethan,review2,,t-11844438_314.wav,1
t-11844438_315.wav,Yes,,Camille,review1,,t-11844438_315.wav,1
t-11844438_316.wav,Yes,,Diana,review1,,t-11844438_316.wav,1
t-11844438_317.wav,Yes,,Ethan,review1,,t-11844438_317.wav,1
t-11844438_318.wav,Yes,,Amy,review1,,t-11844438_318.wav,1
t-11844438_319.wav,Yes,,Ann,review1,,t-11844438_319.wav,1
t-11844438_32.wav,Maybe,,Ann,review2,,t-11844438_32.wav,-1
t-11844438_320.wav,Yes,,Diana,review2,,t-11844438_320.wav,1
t-11844438_321.wav,Yes,,Camille,review1,,t-11844438_321.wav,1
t-11844438_322.wav,Yes,,Diana,review1,resolved,t-11844438_322.wav,1
t-11844438_323.wav,Yes,,Camille,review2,,t-11844438_323.wav,1
t-11844438_324.wav,Yes,,Amy,review1,,t-11844438_324.wav,1
t-11844438_325.wav,Yes,,Ethan,review2,,t-11844438_325.wav,1
t-11844438_326.wav,Yes,,Amy,review2,,t-11844438_326.wav,1
t-11844438_327.wav,Yes,,Camille,review1,,t-11844438_327.wav,1
t-11844438_328.wav,Yes,,Diana,review1,,t-11844438_328.wav,1
t-11844438_329.wav,Yes,,Ethan,review1,,t-11844438_329.wav,1
t-11844438_33.wav,Yes,,Camille,review1,,t-11844438_33.wav,1
t-11844438_330.wav,Yes,,Amy,review1,,t-11844438_330.wav,1
t-11844438_331.wav,Yes,,Rohit,review2,,t-11844438_331.wav,1
t-11844438_332.wav,Yes,,Ethan,review2,,t-11844438_332.wav,1
t-11844438_333.wav,Yes,,Camille,review1,,t-11844438_333.wav,1
t-11844438_334.wav,Yes,,Diana,review1,,t-11844438_334.wav,1
t-11844438_335.wav,Yes,,Amy,review2,,t-11844438_335.wav,1
t-11844438_336.wav,Yes,,Amy,review1,,t-11844438_336.wav,1
t-11844438_337.wav,Yes,,Ethan,review2,,t-11844438_337.wav,1
t-11844438_338.wav,Yes,,Camille,review2,,t-11844438_338.wav,1
t-11844438_339.wav,Yes,,Camille,review1,,t-11844438_339.wav,1
t-11844438_34.wav,Yes,,Diana,review1,,t-11844438_34.wav,1
t-11844438_340.wav,Yes,,Diana,review1,,t-11844438_340.wav,1
t-11844438_341.wav,Yes,,Ethan,review1,,t-11844438_341.wav,1
t-11844438_342.wav,Yes,,Amy,review1,resolved,t-11844438_342.wav,1
t-11844438_343.wav,Yes,,Camille,review2,,t-11844438_343.wav,1
t-11844438_344.wav,Maybe,,Ann,review2,,t-11844438_344.wav,-1
t-11844438_345.wav,Yes,,Camille,review1,,t-11844438_345.wav,1
t-11844438_346.wav,Yes,,Ethan,review2,,t-11844438_346.wav,1
t-11844438_347.wav,Yes,,Camille,review2,,t-11844438_347.wav,1
t-11844438_348.wav,Yes,,Amy,review1,resolved,t-11844438_348.wav,1
t-11844438_349.wav,Yes,,Ann,review1,,t-11844438_349.wav,1
t-11844438_35.wav,Yes,,Ethan,review1,,t-11844438_35.wav,1
t-11844438_350.wav,Yes,,Ethan,review2,,t-11844438_350.wav,1
t-11844438_351.wav,Yes,,Camille,review1,,t-11844438_351.wav,1
t-11844438_352.wav,Yes,,Diana,review1,,t-11844438_352.wav,1
t-11844438_353.wav,Yes,,Ethan,review1,,t-11844438_353.wav,1
t-11844438_354.wav,Yes,,Amy,review1,resolved,t-11844438_354.wav,1
t-11844438_355.wav,Yes,,Ann,review1,,t-11844438_355.wav,1
t-11844438_356.wav,Yes,,Ethan,review2,,t-11844438_356.wav,1
t-11844438_357.wav,Yes,,Camille,review1,,t-11844438_357.wav,1
t-11844438_358.wav,Yes,,Diana,review1,resolved,t-11844438_358.wav,1
t-11844438_359.wav,Yes,,Camille,review2,,t-11844438_359.wav,1
t-11844438_36.wav,Yes,,Amy,review1,,t-11844438_36.wav,1
t-11844438_360.wav,Yes,,Amy,review1,,t-11844438_360.wav,1
t-11844438_361.wav,Yes,,Rohit,review2,resolved,t-11844438_361.wav,1
t-11844438_362.wav,Maybe,,Ann,review2,,t-11844438_362.wav,-1
t-11844438_363.wav,Yes,,Camille,review1,,t-11844438_363.wav,1
t-11844438_364.wav,Yes,,Ethan,review2,,t-11844438_364.wav,1
t-11844438_365.wav,Yes,,Amy,review2,,t-11844438_365.wav,1
t-11844438_366.wav,Yes,,Amy,review1,,t-11844438_366.wav,1
t-11844438_367.wav,Yes,,Ethan,review2,,t-11844438_367.wav,1
t-11844438_368.wav,Yes,,Amy,review2,,t-11844438_368.wav,1
t-11844438_369.wav,Yes,,Camille,review1,resolved,t-11844438_369.wav,1
t-11844438_37.wav,Yes,,Amy,review2,resolved,t-11844438_37.wav,1
t-11844438_370.wav,Yes,,Diana,review1,resolved,t-11844438_370.wav,1
t-11844438_371.wav,Yes,,Amy,review2,,t-11844438_371.wav,1
t-11844438_372.wav,Yes,,Amy,review1,resolved,t-11844438_372.wav,1
t-11844438_373.wav,Yes,,Ethan,review2,,t-11844438_373.wav,1
t-11844438_374.wav,Yes,,Ann,review2,,t-11844438_374.wav,1
t-11844438_375.wav,Yes,,Camille,review1,,t-11844438_375.wav,1
t-11844438_376.wav,Yes,,Diana,review1,resolved,t-11844438_376.wav,1
t-11844438_377.wav,Yes,,Camille,review2,,t-11844438_377.wav,1
t-11844438_378.wav,Yes,,Amy,review1,,t-11844438_378.wav,1
t-11844438_379.wav,Yes,,Camille,review2,resolved,t-11844438_379.wav,1
t-11844438_38.wav,Yes,,Diana,review2,,t-11844438_38.wav,1
t-11844438_380.wav,Yes,,Amy,review2,,t-11844438_380.wav,1
t-11844438_381.wav,Yes,,Camille,review1,,t-11844438_381.wav,1
t-11844438_382.wav,Yes,,Diana,review1,resolved,t-11844438_382.wav,1
t-11844438_383.wav,Yes,,Ethan,review1,,t-11844438_383.wav,1
t-11844438_384.wav,Yes,,Amy,review1,,t-11844438_384.wav,1
t-11844438_385.wav,Yes,,Camille,review2,resolved,t-11844438_385.wav,1
t-11844438_386.wav,Yes,,Diana,review2,,t-11844438_386.wav,1
t-11844438_387.wav,Yes,,Camille,review1,,t-11844438_387.wav,1
t-11844438_388.wav,Yes,,Diana,review1,resolved,t-11844438_388.wav,1
t-11844438_389.wav,Yes,,Camille,review2,,t-11844438_389.wav,1
t-11844438_39.wav,Yes,,Camille,review1,resolved,t-11844438_39.wav,1
t-11844438_390.wav,Yes,,Amy,review1,,t-11844438_390.wav,1
t-11844438_391.wav,Yes,,Camille,review2,resolved,t-11844438_391.wav,1
t-11844438_392.wav,Yes,,Amy,review2,,t-11844438_392.wav,1
t-11844438_393.wav,Yes,Sounds different then the other calls,Camille,review1,resolved,t-11844438_393.wav,1
t-11844438_394.wav,Yes,,Ethan,review2,,t-11844438_394.wav,1
t-11844438_395.wav,Yes,,Ethan,review1,,t-11844438_395.wav,1
t-11844438_396.wav,Yes,,Amy,review1,resolved,t-11844438_396.wav,1
t-11844438_397.wav,Yes,,Ann,review1,resolved,t-11844438_397.wav,1
t-11844438_398.wav,Yes,,Ethan,review2,,t-11844438_398.wav,1
t-11844438_399.wav,Yes,,Camille,review1,,t-11844438_399.wav,1
t-11844438_4.wav,Yes,,Diana,review1,,t-11844438_4.wav,1
t-11844438_40.wav,Yes,,Diana,review1,,t-11844438_40.wav,1
t-11844438_400.wav,Yes,,Diana,review1,,t-11844438_400.wav,1
t-11844438_401.wav,Yes,,Amy,review2,,t-11844438_401.wav,1
t-11844438_402.wav,Yes,,Amy,review1,,t-11844438_402.wav,1
t-11844438_403.wav,Yes,,Ethan,review2,,t-11844438_403.wav,1
t-11844438_404.wav,Yes,,Camille,review2,,t-11844438_404.wav,1
t-11844438_405.wav,Yes,,Camille,review1,,t-11844438_405.wav,1
t-11844438_406.wav,Yes,,Diana,review1,,t-11844438_406.wav,1
t-11844438_407.wav,Yes,,Camille,review2,,t-11844438_407.wav,1
t-11844438_408.wav,Yes,,Amy,review1,,t-11844438_408.wav,1
t-11844438_409.wav,Yes,,Rohit,review2,resolved,t-11844438_409.wav,1
t-11844438_41.wav,Yes,,Amy,review2,,t-11844438_41.wav,1
t-11844438_410.wav,Yes,,Amy,review2,,t-11844438_410.wav,1
t-11844438_411.wav,Yes,,Camille,review1,,t-11844438_411.wav,1
t-11844438_412.wav,Yes,,Ethan,review2,,t-11844438_412.wav,1
t-11844438_413.wav,Yes,,Amy,review2,,t-11844438_413.wav,1
t-11844438_414.wav,Yes,,Amy,review1,,t-11844438_414.wav,1
t-11844438_415.wav,Yes,,Camille,review2,,t-11844438_415.wav,1
t-11844438_416.wav,Yes,,Ethan,review2,,t-11844438_416.wav,1
t-11844438_417.wav,Yes,,Camille,review1,,t-11844438_417.wav,1
t-11844438_418.wav,Yes,,Diana,review1,resolved,t-11844438_418.wav,1
t-11844438_419.wav,Yes,,Camille,review2,,t-11844438_419.wav,1
t-11844438_42.wav,Yes,,Amy,review1,,t-11844438_42.wav,1
t-11844438_420.wav,Yes,,Amy,review1,,t-11844438_420.wav,1
t-11844438_421.wav,Yes,,Rohit,review2,,t-11844438_421.wav,1
t-11844438_422.wav,Yes,,Diana,review2,,t-11844438_422.wav,1
t-11844438_423.wav,Yes,,Camille,review1,,t-11844438_423.wav,1
t-11844438_424.wav,Yes,,Diana,review1,,t-11844438_424.wav,1
t-11844438_425.wav,Yes,,Camille,review2,,t-11844438_425.wav,1
t-11844438_426.wav,Yes,,Amy,review1,,t-11844438_426.wav,1
t-11844438_427.wav,Yes,,Camille,review2,,t-11844438_427.wav,1
t-11844438_428.wav,Yes,,Camille,review2,,t-11844438_428.wav,1
t-11844438_429.wav,Yes,,Camille,review1,,t-11844438_429.wav,1
t-11844438_43.wav,Yes,,Ethan,review2,,t-11844438_43.wav,1
t-11844438_430.wav,Yes,,Ethan,review2,,t-11844438_430.wav,1
t-11844438_431.wav,Yes,,Ann,review2,,t-11844438_431.wav,1
t-11844438_432.wav,Yes,,Amy,review1,,t-11844438_432.wav,1
t-11844438_433.wav,Yes,,Amy,review2,,t-11844438_433.wav,1
t-11844438_434.wav,Yes,,Diana,review2,,t-11844438_434.wav,1
t-11844438_435.wav,Yes,,Camille,review1,,t-11844438_435.wav,1
t-11844438_436.wav,Yes,,Diana,review1,,t-11844438_436.wav,1
t-11844438_437.wav,Yes,,Ann,review2,,t-11844438_437.wav,1
t-11844438_438.wav,Yes,,Amy,review1,,t-11844438_438.wav,1
t-11844438_439.wav,Yes,,Camille,review2,,t-11844438_439.wav,1
t-11844438_44.wav,Yes,,Amy,review2,,t-11844438_44.wav,1
t-11844438_440.wav,Yes,,Amy,review2,,t-11844438_440.wav,1
t-11844438_441.wav,Yes,,Camille,review1,,t-11844438_441.wav,1
t-11844438_442.wav,Yes,,Diana,review1,,t-11844438_442.wav,1
t-11844438_443.wav,Yes,,Ann,review2,,t-11844438_443.wav,1
t-11844438_444.wav,Yes,,Amy,review1,,t-11844438_444.wav,1
t-11844438_445.wav,Yes,,Ann,review1,resolved,t-11844438_445.wav,1
t-11844438_446.wav,Yes,,Ann,review2,,t-11844438_446.wav,1
t-11844438_447.wav,Yes,,Camille,review1,resolved,t-11844438_447.wav,1
t-11844438_448.wav,Yes,,Diana,review1,,t-11844438_448.wav,1
t-11844438_449.wav,Yes,,Ethan,review1,,t-11844438_449.wav,1
t-11844438_45.wav,Yes,,Camille,review1,,t-11844438_45.wav,1
t-11844438_450.wav,Yes,,Amy,review1,,t-11844438_450.wav,1
t-11844438_451.wav,Yes,,Amy,review2,,t-11844438_451.wav,1
t-11844438_452.wav,Yes,,Diana,review2,,t-11844438_452.wav,1
t-11844438_453.wav,Yes,,Camille,review1,,t-11844438_453.wav,1
t-11844438_454.wav,Yes,,Diana,review1,,t-11844438_454.wav,1
t-11844438_455.wav,Yes,,Camille,review2,,t-11844438_455.wav,1
t-11844438_456.wav,Yes,,Amy,review1,,t-11844438_456.wav,1
t-11844438_457.wav,Yes,,Amy,review2,resolved,t-11844438_457.wav,1
t-11844438_458.wav,Yes,,Camille,review2,,t-11844438_458.wav,1
t-11844438_459.wav,Yes,,Camille,review1,,t-11844438_459.wav,1
t-11844438_46.wav,Yes,,Diana,review1,,t-11844438_46.wav,0
t-11844438_460.wav,Yes,,Diana,review1,,t-11844438_460.wav,1
t-11844438_461.wav,Yes,,Ann,review2,,t-11844438_461.wav,1
t-11844438_462.wav,Yes,,Amy,review1,,t-11844438_462.wav,1
t-11844438_463.wav,Yes,,Camille,review2,,t-11844438_463.wav,1
t-11844438_464.wav,Maybe,,Amy,review2,,t-11844438_464.wav,-1
t-11844438_465.wav,Yes,,Camille,review1,,t-11844438_465.wav,1
t-11844438_466.wav,Yes,,Diana,review1,,t-11844438_466.wav,1
t-11844438_467.wav,Yes,,Ethan,review1,,t-11844438_467.wav,1
t-11844438_468.wav,Yes,,Amy,review1,resolved,t-11844438_468.wav,1
t-11844438_469.wav,Yes,,Camille,review2,,t-11844438_469.wav,1
t-11844438_47.wav,Yes,,Ann,review2,resolved,t-11844438_47.wav,1
t-11844438_470.wav,Yes,,Ann,review2,,t-11844438_470.wav,1
t-11844438_471.wav,Yes,,Camille,review1,,t-11844438_471.wav,1
t-11844438_472.wav,Yes,,Diana,review1,,t-11844438_472.wav,1
t-11844438_473.wav,Yes,,Ethan,review1,,t-11844438_473.wav,1
t-11844438_474.wav,Yes,,Amy,review1,resolved,t-11844438_474.wav,1
t-11844438_475.wav,Yes,,Ann,review1,,t-11844438_475.wav,1
t-11844438_476.wav,Yes,,Camille,review2,,t-11844438_476.wav,1
t-11844438_477.wav,Yes,,Camille,review1,,t-11844438_477.wav,1
t-11844438_478.wav,Yes,,Diana,review1,,t-11844438_478.wav,1
t-11844438_479.wav,Yes,,Amy,review2,resolved,t-11844438_479.wav,1
t-11844438_48.wav,Yes,,Amy,review1,,t-11844438_48.wav,1
t-11844438_480.wav,Yes,,Amy,review1,,t-11844438_480.wav,1
t-11844438_481.wav,Yes,,Ethan,review2,,t-11844438_481.wav,1
t-11844438_482.wav,Yes,,Ethan,review2,,t-11844438_482.wav,1
t-11844438_483.wav,Yes,,Camille,review1,,t-11844438_483.wav,1
t-11844438_484.wav,Yes,,Diana,review1,,t-11844438_484.wav,1
t-11844438_485.wav,Yes,,Ethan,review1,resolved,t-11844438_485.wav,1
t-11844438_486.wav,Yes,,Amy,review1,resolved,t-11844438_486.wav,1
t-11844438_487.wav,Yes,,Ann,review1,,t-11844438_487.wav,1
t-11844438_488.wav,Yes,,Amy,review2,,t-11844438_488.wav,1
t-11844438_489.wav,Yes,,Camille,review1,,t-11844438_489.wav,1
t-11844438_49.wav,Yes,,Rohit,review2,resolved,t-11844438_49.wav,1
t-11844438_490.wav,Yes,,Diana,review1,,t-11844438_490.wav,1
t-11844438_491.wav,Yes,,Ann,review2,resolved,t-11844438_491.wav,1
t-11844438_492.wav,Yes,,Amy,review1,,t-11844438_492.wav,1
t-11844438_493.wav,Yes,,Rohit,review2,,t-11844438_493.wav,1
t-11844438_494.wav,Yes,,Diana,review2,,t-11844438_494.wav,1
t-11844438_495.wav,Yes,,Camille,review1,,t-11844438_495.wav,1
t-11844438_496.wav,Yes,,Diana,review1,,t-11844438_496.wav,1
t-11844438_497.wav,Yes,,Camille,review2,,t-11844438_497.wav,1
t-11844438_498.wav,Yes,,Amy,review1,,t-11844438_498.wav,1
t-11844438_499.wav,Yes,,Ann,review1,,t-11844438_499.wav,1
t-11844438_5.wav,Yes,,Camille,review2,,t-11844438_5.wav,1
t-11844438_50.wav,Yes,,Amy,review2,,t-11844438_50.wav,1
t-11844438_500.wav,Yes,,Ethan,review2,,t-11844438_500.wav,1
t-11844438_501.wav,Yes,,Camille,review1,,t-11844438_501.wav,1
t-11844438_502.wav,Yes,,Diana,review1,,t-11844438_502.wav,1
t-11844438_503.wav,Yes,,Amy,review2,resolved,t-11844438_503.wav,1
t-11844438_504.wav,Yes,,Amy,review1,,t-11844438_504.wav,1
t-11844438_505.wav,Yes,,Ethan,review2,,t-11844438_505.wav,1
t-11844438_506.wav,Yes,,Amy,review2,,t-11844438_506.wav,1
t-11844438_507.wav,Yes,,Camille,review1,,t-11844438_507.wav,1
t-11844438_508.wav,Yes,,Ethan,review2,,t-11844438_508.wav,1
t-11844438_509.wav,Yes,,Ann,review2,,t-11844438_509.wav,1
t-11844438_51.wav,Yes,,Camille,review1,,t-11844438_51.wav,1
t-11844438_510.wav,Yes,,Amy,review1,,t-11844438_510.wav,1
t-11844438_511.wav,Yes,,Ethan,review2,,t-11844438_511.wav,1
t-11844438_512.wav,Yes,,Diana,review2,,t-11844438_512.wav,1
t-11844438_513.wav,Yes,,Camille,review1,,t-11844438_513.wav,1
t-11844438_514.wav,Yes,,Diana,review1,,t-11844438_514.wav,1
t-11844438_515.wav,Yes,,Ann,review2,,t-11844438_515.wav,1
t-11844438_516.wav,Yes,,Amy,review1,,t-11844438_516.wav,1
t-11844438_517.wav,Yes,,Ethan,review2,,t-11844438_517.wav,1
t-11844438_518.wav,Yes,,Ethan,review2,,t-11844438_518.wav,1
t-11844438_519.wav,Yes,,Camille,review1,,t-11844438_519.wav,1
t-11844438_52.wav,Yes,,Diana,review1,resolved,t-11844438_52.wav,1
t-11844438_520.wav,Yes,,Diana,review1,,t-11844438_520.wav,1
t-11844438_521.wav,Yes,,Ethan,review1,,t-11844438_521.wav,1
t-11844438_522.wav,Yes,,Amy,review1,,t-11844438_522.wav,1
t-11844438_523.wav,Yes,,Amy,review2,,t-11844438_523.wav,1
t-11844438_524.wav,Yes,,Ethan,review2,,t-11844438_524.wav,1
t-11844438_525.wav,Yes,,Camille,review1,,t-11844438_525.wav,1
t-11844438_526.wav,Yes,,Diana,review1,,t-11844438_526.wav,1
t-11844438_527.wav,Yes,,Ann,review2,,t-11844438_527.wav,1
t-11844438_528.wav,Yes,,Amy,review1,,t-11844438_528.wav,1
t-11844438_529.wav,Yes,,Amy,review2,resolved,t-11844438_529.wav,1
t-11844438_53.wav,Yes,,Ethan,review1,resolved,t-11844438_53.wav,1
t-11844438_530.wav,Yes,,Ann,review2,,t-11844438_530.wav,1
t-11844438_531.wav,Yes,,Camille,review1,,t-11844438_531.wav,1
t-11844438_532.wav,Yes,,Diana,review1,,t-11844438_532.wav,1
t-11844438_533.wav,Yes,,Amy,review2,,t-11844438_533.wav,1
t-11844438_534.wav,Yes,,Amy,review1,,t-11844438_534.wav,1
t-11844438_535.wav,Yes,,Ethan,review2,,t-11844438_535.wav,1
t-11844438_536.wav,Yes,,Camille,review2,,t-11844438_536.wav,1
t-11844438_537.wav,Yes,,Camille,review1,,t-11844438_537.wav,1
t-11844438_538.wav,Yes,,Ethan,review2,,t-11844438_538.wav,1
t-11844438_539.wav,Yes,,Ethan,review1,,t-11844438_539.wav,1
t-11844438_54.wav,Yes,,Amy,review1,resolved,t-11844438_54.wav,1
t-11844438_540.wav,Yes,,Amy,review1,,t-11844438_540.wav,1
t-11844438_541.wav,Yes,,Ann,review1,,t-11844438_541.wav,1
t-11844438_542.wav,Yes,,Amy,review2,,t-11844438_542.wav,1
t-11844438_543.wav,Yes,,Camille,review1,,t-11844438_543.wav,1
t-11844438_544.wav,Yes,,Diana,review1,,t-11844438_544.wav,1
t-11844438_545.wav,Yes,,Ethan,review1,,t-11844438_545.wav,1
t-11844438_546.wav,Yes,,Amy,review1,,t-11844438_546.wav,1
t-11844438_547.wav,Yes,,Ethan,review2,,t-11844438_547.wav,1
t-11844438_548.wav,Maybe,,Ann,review2,,t-11844438_548.wav,-1
t-11844438_549.wav,Yes,,Camille,review1,,t-11844438_549.wav,1
t-11844438_55.wav,Yes,,Ann,review1,resolved,t-11844438_55.wav,1
t-11844438_550.wav,Yes,,Diana,review1,,t-11844438_550.wav,1
t-11844438_551.wav,Yes,,Ethan,review1,,t-11844438_551.wav,1
t-11844438_552.wav,Yes,,Amy,review1,,t-11844438_552.wav,1
t-11844438_553.wav,Yes,,Ethan,review2,,t-11844438_553.wav,1
t-11844438_554.wav,Yes,,Amy,review2,,t-11844438_554.wav,1
t-11844438_555.wav,Yes,,Camille,review1,,t-11844438_555.wav,1
t-11844438_556.wav,Yes,,Ethan,review2,,t-11844438_556.wav,1
t-11844438_557.wav,Yes,,Camille,review2,,t-11844438_557.wav,1
t-11844438_558.wav,Yes,,Amy,review1,resolved,t-11844438_558.wav,1
t-11844438_559.wav,Yes,,Camille,review2,,t-11844438_559.wav,1
t-11844438_56.wav,Yes,,Ann,review2,,t-11844438_56.wav,1
t-11844438_560.wav,Yes,,Amy,review2,,t-11844438_560.wav,1
t-11844438_561.wav,Yes,,Camille,review1,,t-11844438_561.wav,1
t-11844438_562.wav,Yes,,Diana,review1,resolved,t-11844438_562.wav,1
t-11844438_563.wav,Yes,,Camille,review2,,t-11844438_563.wav,1
t-11844438_564.wav,Yes,,Amy,review1,,t-11844438_564.wav,1
t-11844438_565.wav,Yes,,Ann,review1,,t-11844438_565.wav,1
t-11844438_566.wav,Yes,,Ethan,review2,,t-11844438_566.wav,1
t-11844438_567.wav,Yes,,Camille,review1,,t-11844438_567.wav,1
t-11844438_568.wav,Yes,,Diana,review1,,t-11844438_568.wav,1
t-11844438_569.wav,Yes,,Camille,review2,,t-11844438_569.wav,1
t-11844438_57.wav,Yes,,Camille,review1,,t-11844438_57.wav,1
t-11844438_570.wav,Yes,,Amy,review1,resolved,t-11844438_570.wav,1
t-11844438_571.wav,Yes,,Camille,review2,,t-11844438_571.wav,1
t-11844438_572.wav,Yes,,Camille,review2,,t-11844438_572.wav,1
t-11844438_573.wav,Yes,,Camille,review1,,t-11844438_573.wav,1
t-11844438_574.wav,Yes,,Diana,review1,resolved,t-11844438_574.wav,1
t-11844438_575.wav,Yes,,Ann,review2,,t-11844438_575.wav,1
t-11844438_576.wav,Yes,,Amy,review1,,t-11844438_576.wav,1
t-11844438_577.wav,Yes,,Rohit,review2,,t-11844438_577.wav,1
t-11844438_578.wav,Yes,,Amy,review2,,t-11844438_578.wav,1
t-11844438_579.wav,Yes,,Camille,review1,,t-11844438_579.wav,1
t-11844438_58.wav,Yes,,Diana,review1,resolved,t-11844438_58.wav,1
t-11844438_580.wav,Yes,,Diana,review1,,t-11844438_580.wav,1
t-11844438_581.wav,Yes,,Ethan,review1,,t-11844438_581.wav,1
t-11844438_582.wav,Yes,,Amy,review1,,t-11844438_582.wav,1
t-11844438_583.wav,Yes,,Ann,review1,,t-11844438_583.wav,1
t-11844438_584.wav,Yes,,Camille,review2,,t-11844438_584.wav,1
t-11844438_585.wav,Yes,,Camille,review1,,t-11844438_585.wav,1
t-11844438_586.wav,Yes,,Diana,review1,,t-11844438_586.wav,1
t-11844438_587.wav,Yes,,Ann,review2,,t-11844438_587.wav,1
t-11844438_588.wav,Yes,,Amy,review1,,t-11844438_588.wav,1
t-11844438_589.wav,Yes,,Amy,review2,,t-11844438_589.wav,1
t-11844438_59.wav,Yes,,Ethan,review1,,t-11844438_59.wav,1
t-11844438_590.wav,Yes,,Ann,review2,,t-11844438_590.wav,1
t-11844438_591.wav,Yes,,Camille,review1,resolved,t-11844438_591.wav,1
t-11844438_592.wav,Yes,,Diana,review1,,t-11844438_592.wav,1
t-11844438_593.wav,Yes,,Ethan,review1,resolved,t-11844438_593.wav,1
t-11844438_594.wav,Yes,,Amy,review1,,t-11844438_594.wav,1
t-11844438_595.wav,Yes,,Ann,review1,,t-11844438_595.wav,1
t-11844438_596.wav,Yes,,Diana,review2,,t-11844438_596.wav,1
t-11844438_597.wav,Yes,,Camille,review1,,t-11844438_597.wav,1
t-11844438_598.wav,Yes,,Diana,review1,,t-11844438_598.wav,1
t-11844438_599.wav,Yes,,Ethan,review1,,t-11844438_599.wav,1
t-11844438_6.wav,Yes,,Amy,review1,,t-11844438_6.wav,1
t-11844438_60.wav,Yes,,Amy,review1,resolved,t-11844438_60.wav,1
t-11844438_600.wav,Yes,,Amy,review1,,t-11844438_600.wav,1
t-11844438_601.wav,Yes,,Rohit,review2,,t-11844438_601.wav,1
t-11844438_602.wav,Yes,,Diana,review2,,t-11844438_602.wav,1
t-11844438_603.wav,Yes,,Camille,review1,,t-11844438_603.wav,1
t-11844438_604.wav,Yes,,Diana,review1,resolved,t-11844438_604.wav,1
t-11844438_605.wav,Yes,,Amy,review2,,t-11844438_605.wav,1
t-11844438_606.wav,Yes,,Amy,review1,,t-11844438_606.wav,1
t-11844438_607.wav,Yes,,Rohit,review2,,t-11844438_607.wav,1
t-11844438_608.wav,Yes,,Camille,review2,,t-11844438_608.wav,1
t-11844438_609.wav,Yes,,Camille,review1,resolved,t-11844438_609.wav,1
t-11844438_61.wav,Yes,,Amy,review2,resolved,t-11844438_61.wav,1
t-11844438_610.wav,Yes,,Diana,review1,,t-11844438_610.wav,1
t-11844438_611.wav,Yes,,Ethan,review1,,t-11844438_611.wav,1
t-11844438_612.wav,Yes,,Amy,review1,,t-11844438_612.wav,1
t-11844438_613.wav,Yes,,Ethan,review2,,t-11844438_613.wav,1
t-11844438_614.wav,Yes,,Amy,review2,,t-11844438_614.wav,1
t-11844438_615.wav,Yes,,Camille,review1,,t-11844438_615.wav,1
t-11844438_616.wav,Yes,,Diana,review1,,t-11844438_616.wav,1
t-11844438_617.wav,Yes,,Ann,review2,,t-11844438_617.wav,1
t-11844438_618.wav,Yes,,Amy,review1,,t-11844438_618.wav,1
t-11844438_619.wav,Yes,,Ann,review1,,t-11844438_619.wav,1
t-11844438_62.wav,Yes,,Amy,review2,,t-11844438_62.wav,1
t-11844438_620.wav,Yes,,Camille,review2,,t-11844438_620.wav,1
t-11844438_621.wav,Yes,,Camille,review1,,t-11844438_621.wav,1
t-11844438_63.wav,Yes,,Camille,review1,resolved,t-11844438_63.wav,1
t-11844438_64.wav,Yes,,Diana,review1,resolved,t-11844438_64.wav,1
t-11844438_65.wav,Yes,,Ethan,review1,,t-11844438_65.wav,1
t-11844438_66.wav,Yes,,Amy,review1,,t-11844438_66.wav,1
t-11844438_67.wav,Yes,,Rohit,review2,,t-11844438_67.wav,1
t-11844438_68.wav,Yes,,Diana,review2,,t-11844438_68.wav,1
t-11844438_69.wav,Yes,,Camille,review1,,t-11844438_69.wav,1
t-11844438_7.wav,Yes,,Ethan,review2,,t-11844438_7.wav,1
t-11844438_70.wav,Yes,,Diana,review1,resolved,t-11844438_70.wav,1
t-11844438_71.wav,Yes,,Camille,review2,,t-11844438_71.wav,1
t-11844438_72.wav,Yes,,Amy,review1,,t-11844438_72.wav,1
t-11844438_73.wav,Maybe,,Ann,review1,,t-11844438_73.wav,-1
t-11844438_74.wav,Yes,,Camille,review2,,t-11844438_74.wav,1
t-11844438_75.wav,Yes,,Camille,review1,,t-11844438_75.wav,1
t-11844438_76.wav,Yes,,Diana,review1,,t-11844438_76.wav,1
t-11844438_77.wav,Yes,,Camille,review2,,t-11844438_77.wav,1
t-11844438_78.wav,Yes,,Amy,review1,,t-11844438_78.wav,1
t-11844438_79.wav,Yes,,Camille,review2,,t-11844438_79.wav,1
t-11844438_8.wav,Maybe,,Ann,review2,,t-11844438_8.wav,-1
t-11844438_80.wav,Yes,,Camille,review2,,t-11844438_80.wav,1
t-11844438_81.wav,Yes,,Camille,review1,,t-11844438_81.wav,1
t-11844438_82.wav,Yes,,Diana,review1,,t-11844438_82.wav,1
t-11844438_83.wav,Yes,,Ethan,review1,,t-11844438_83.wav,1
t-11844438_84.wav,Yes,,Amy,review1,,t-11844438_84.wav,1
t-11844438_85.wav,Yes,,Ethan,review2,resolved,t-11844438_85.wav,1
t-11844438_86.wav,Maybe,,Ann,review2,,t-11844438_86.wav,-1
t-11844438_87.wav,Yes,,Camille,review1,,t-11844438_87.wav,1
t-11844438_88.wav,Yes,,Diana,review1,,t-11844438_88.wav,1
t-11844438_89.wav,Yes,,Ann,review2,resolved,t-11844438_89.wav,1
t-11844438_9.wav,Yes,,Camille,review1,,t-11844438_9.wav,1
t-11844438_90.wav,Yes,,Amy,review1,,t-11844438_90.wav,1
t-11844438_91.wav,Yes,,Amy,review2,resolved,t-11844438_91.wav,1
t-11844438_92.wav,Yes,,Camille,review2,,t-11844438_92.wav,1
t-11844438_93.wav,Yes,,Camille,review1,resolved,t-11844438_93.wav,1
t-11844438_94.wav,Yes,,Diana,review1,,t-11844438_94.wav,1
t-11844438_95.wav,Yes,,Amy,review2,resolved,t-11844438_95.wav,1
t-11844438_96.wav,Yes,,Amy,review1,,t-11844438_96.wav,1
t-11844438_97.wav,Yes,,Ann,review1,,t-11844438_97.wav,1
t-11844438_98.wav,Yes,,Ethan,review2,,t-11844438_98.wav,1
t-11844438_99.wav,Yes,,Camille,review1,,t-11844438_99.wav,1
t-11113588_1.wav,No,,/Users/amy/Desktop/birdnet_audio/bullfrog/data/original_labeled_clips/neg,,,t-11113588_1.wav,0
t-11113588_527.wav,No,,/Users/amy/Desktop/birdnet_audio/bullfrog/data/original_labeled_clips/neg,,,t-11113588_527.wav,0
t-11113588_10.wav,No,,/Users/amy/Desktop/birdnet_audio/bullfrog/data/original_labeled_clips/neg,,,t-11113588_10.wav,0
t-11113588_103.wav,No,,/Users/amy/Desktop/birdnet_audio/bullfrog/data/original_labeled_clips/neg,,,t-11113588_103.wav,0
t-11113588_105.wav,No,,/Users/amy/Desktop/birdnet_audio/bullfrog/data/original_labeled_clips/neg,,,t-11113588_105.wav,0
t-11113588_112.wav,No,,/Users/amy/Desktop/birdnet_audio/bullfrog/data/original_labeled_clips/neg,,,t-11113588_112.wav,0
t-11113588_114.wav,No,,/Users/amy/Desktop/birdnet_audio/bullfrog/data/original_labeled_clips/neg,,,t-11113588_114.wav,0
t-11113588_115.wav,No,,/Users/amy/Desktop/birdnet_audio/bullfrog/data/original_labeled_clips/neg,,,t-11113588_115.wav,0
t-11113588_120.wav,No,,/Users/amy/Desktop/birdnet_audio/bullfrog/data/original_labeled_clips/neg,,,t-11113588_120.wav,0
t-11113588_123.wav,No,,/Users/amy/Desktop/birdnet_audio/bullfrog/data/original_labeled_clips/neg,,,t-11113588_123.wav,0
t-11113588_131.wav,No,,/Users/amy/Desktop/birdnet_audio/bullfrog/data/original_labeled_clips/neg,,,t-11113588_131.wav,0
t-11113588_21.wav,No,,/Users/amy/Desktop/birdnet_audio/bullfrog/data/original_labeled_clips/neg,,,t-11113588_21.wav,0
t-11113588_20.wav,No,,/Users/amy/Desktop/birdnet_audio/bullfrog/data/original_labeled_clips/neg,,,t-11113588_20.wav,0
t-11113588_379.wav,No,,/Users/amy/Desktop/birdnet_audio/bullfrog/data/original_labeled_clips/neg,,,t-11113588_379.wav,0
t-11113588_381.wav,No,,/Users/amy/Desktop/birdnet_audio/bullfrog/data/original_labeled_clips/neg,,,t-11113588_381.wav,0
t-11113588_380.wav,No,,/Users/amy/Desktop/birdnet_audio/bullfrog/data/original_labeled_clips/neg,,,t-11113588_380.wav,0
t-11113588_390.wav,No,,/Users/amy/Desktop/birdnet_audio/bullfrog/data/original_labeled_clips/neg,,,t-11113588_390.wav,0
t-11113588_391.wav,No,,/Users/amy/Desktop/birdnet_audio/bullfrog/data/original_labeled_clips/neg,,,t-11113588_391.wav,0
t-11113588_394.wav,No,,/Users/amy/Desktop/birdnet_audio/bullfrog/data/original_labeled_clips/neg,,,t-11113588_394.wav,0
t-11113588_395.wav,No,,/Users/amy/Desktop/birdnet_audio/bullfrog/data/original_labeled_clips/neg,,,t-11113588_395.wav,0
t-11113588_396.wav,No,,/Users/amy/Desktop/birdnet_audio/bullfrog/data/original_labeled_clips/neg,,,t-11113588_396.wav,0
t-11113588_397.wav,No,,/Users/amy/Desktop/birdnet_audio/bullfrog/data/original_labeled_clips/neg,,,t-11113588_397.wav,0
t-11113588_399.wav,No,,/Users/amy/Desktop/birdnet_audio/bullfrog/data/original_labeled_clips/neg,,,t-11113588_399.wav,0
t-11113588_4.wav,No,,/Users/amy/Desktop/birdnet_audio/bullfrog/data/original_labeled_clips/neg,,,t-11113588_4.wav,0
t-11113588_404.wav,No,,/Users/amy/Desktop/birdnet_audio/bullfrog/data/original_labeled_clips/neg,,,t-11113588_404.wav,0
t-11113588_405.wav,No,,/Users/amy/Desktop/birdnet_audio/bullfrog/data/original_labeled_clips/neg,,,t-11113588_405.wav,0
t-11113588_406.wav,No,,/Users/amy/Desktop/birdnet_audio/bullfrog/data/original_labeled_clips/neg,,,t-11113588_406.wav,0
t-11113588_44.wav,No,,/Users/amy/Desktop/birdnet_audio/bullfrog/data/original_labeled_clips/neg,,,t-11113588_44.wav,0
t-11113588_45.wav,No,,/Users/amy/Desktop/birdnet_audio/bullfrog/data/original_labeled_clips/neg,,,t-11113588_45.wav,0
t-11113588_468.wav,No,,/Users/amy/Desktop/birdnet_audio/bullfrog/data/original_labeled_clips/neg,,,t-11113588_468.wav,0
t-11113588_465.wav,No,,/Users/amy/Desktop/birdnet_audio/bullfrog/data/original_labeled_clips/neg,,,t-11113588_465.wav,0
t-11113588_469.wav,No,,/Users/amy/Desktop/birdnet_audio/bullfrog/data/original_labeled_clips/neg,,,t-11113588_469.wav,0
t-11113588_47.wav,No,,/Users/amy/Desktop/birdnet_audio/bullfrog/data/original_labeled_clips/neg,,,t-11113588_47.wav,0
t-11113588_472.wav,No,,/Users/amy/Desktop/birdnet_audio/bullfrog/data/original_labeled_clips/neg,,,t-11113588_472.wav,0
t-11113588_479.wav,No,,/Users/amy/Desktop/birdnet_audio/bullfrog/data/original_labeled_clips/neg,,,t-11113588_479.wav,0
t-11113588_48.wav,No,,/Users/amy/Desktop/birdnet_audio/bullfrog/data/original_labeled_clips/neg,,,t-11113588_48.wav,0
t-11113588_483.wav,No,,/Users/amy/Desktop/birdnet_audio/bullfrog/data/original_labeled_clips/neg,,,t-11113588_483.wav,0
t-11113588_484.wav,No,,/Users/amy/Desktop/birdnet_audio/bullfrog/data/original_labeled_clips/neg,,,t-11113588_484.wav,0
t-11113588_486.wav,No,,/Users/amy/Desktop/birdnet_audio/bullfrog/data/original_labeled_clips/neg,,,t-11113588_486.wav,0
t-11113588_491.wav,No,,/Users/amy/Desktop/birdnet_audio/bullfrog/data/original_labeled_clips/neg,,,t-11113588_491.wav,0
t-11113588_499.wav,No,,/Users/amy/Desktop/birdnet_audio/bullfrog/data/original_labeled_clips/neg,,,t-11113588_499.wav,0
t-11113588_511.wav,No,,/Users/amy/Desktop/birdnet_audio/bullfrog/data/original_labeled_clips/neg,,,t-11113588_511.wav,0
t-11113588_516.wav,No,,/Users/amy/Desktop/birdnet_audio/bullfrog/data/original_labeled_clips/neg,,,t-11113588_516.wav,0
t-11113588_55.wav,No,,/Users/amy/Desktop/birdnet_audio/bullfrog/data/original_labeled_clips/neg,,,t-11113588_55.wav,0
t-11113588_550.wav,No,,/Users/amy/Desktop/birdnet_audio/bullfrog/data/original_labeled_clips/neg,,,t-11113588_550.wav,0
t-11113588_580.wav,No,,/Users/amy/Desktop/birdnet_audio/bullfrog/data/original_labeled_clips/neg,,,t-11113588_580.wav,0
t-11113588_581.wav,No,,/Users/amy/Desktop/birdnet_audio/bullfrog/data/original_labeled_clips/neg,,,t-11113588_581.wav,0
t-11113588_753.wav,No,,/Users/amy/Desktop/birdnet_audio/bullfrog/data/original_labeled_clips/neg,,,t-11113588_753.wav,0
frwrks_1.wav,No,,/Users/amy/Desktop/birdnet_audio/fireworks/data/original_labeled_clips/neg,,,frwrks_1.wav,0
frwrks_10.wav,No,,/Users/amy/Desktop/birdnet_audio/fireworks/data/original_labeled_clips/neg,,,frwrks_10.wav,0
frwrks_102.wav,No,,/Users/amy/Desktop/birdnet_audio/fireworks/data/original_labeled_clips/neg,,,frwrks_102.wav,0
frwrks_104.wav,No,,/Users/amy/Desktop/birdnet_audio/fireworks/data/original_labeled_clips/neg,,,frwrks_104.wav,0
frwrks_105.wav,No,,/Users/amy/Desktop/birdnet_audio/fireworks/data/original_labeled_clips/neg,,,frwrks_105.wav,0
frwrks_106.wav,No,,/Users/amy/Desktop/birdnet_audio/fireworks/data/original_labeled_clips/neg,,,frwrks_106.wav,0
frwrks_107.wav,No,,/Users/amy/Desktop/birdnet_audio/fireworks/data/original_labeled_clips/neg,,,frwrks_107.wav,0
frwrks_108.wav,No,,/Users/amy/Desktop/birdnet_audio/fireworks/data/original_labeled_clips/neg,,,frwrks_108.wav,0
frwrks_109.wav,No,,/Users/amy/Desktop/birdnet_audio/fireworks/data/original_labeled_clips/neg,,,frwrks_109.wav,0
frwrks_11.wav,No,,/Users/amy/Desktop/birdnet_audio/fireworks/data/original_labeled_clips/neg,,,frwrks_11.wav,0
frwrks_110.wav,No,,/Users/amy/Desktop/birdnet_audio/fireworks/data/original_labeled_clips/neg,,,frwrks_110.wav,0
frwrks_111.wav,No,,/Users/amy/Desktop/birdnet_audio/fireworks/data/original_labeled_clips/neg,,,frwrks_111.wav,0
frwrks_112.wav,No,,/Users/amy/Desktop/birdnet_audio/fireworks/data/original_labeled_clips/neg,,,frwrks_112.wav,0
frwrks_113.wav,No,,/Users/amy/Desktop/birdnet_audio/fireworks/data/original_labeled_clips/neg,,,frwrks_113.wav,0
frwrks_114.wav,No,,/Users/amy/Desktop/birdnet_audio/fireworks/data/original_labeled_clips/neg,,,frwrks_114.wav,0
frwrks_115.wav,No,,/Users/amy/Desktop/birdnet_audio/fireworks/data/original_labeled_clips/neg,,,frwrks_115.wav,0
frwrks_116.wav,No,,/Users/amy/Desktop/birdnet_audio/fireworks/data/original_labeled_clips/neg,,,frwrks_116.wav,0
frwrks_117.wav,No,,/Users/amy/Desktop/birdnet_audio/fireworks/data/original_labeled_clips/neg,,,frwrks_117.wav,0
frwrks_119.wav,No,,/Users/amy/Desktop/birdnet_audio/fireworks/data/original_labeled_clips/neg,,,frwrks_119.wav,0
frwrks_12.wav,No,,/Users/amy/Desktop/birdnet_audio/fireworks/data/original_labeled_clips/neg,,,frwrks_12.wav,0
frwrks_13.wav,No,,/Users/amy/Desktop/birdnet_audio/fireworks/data/original_labeled_clips/neg,,,frwrks_13.wav,0
frwrks_14.wav,No,,/Users/amy/Desktop/birdnet_audio/fireworks/data/original_labeled_clips/neg,,,frwrks_14.wav,0
frwrks_15.wav,No,,/Users/amy/Desktop/birdnet_audio/fireworks/data/original_labeled_clips/neg,,,frwrks_15.wav,0
frwrks_16.wav,No,,/Users/amy/Desktop/birdnet_audio/fireworks/data/original_labeled_clips/neg,,,frwrks_16.wav,0
frwrks_17.wav,No,,/Users/amy/Desktop/birdnet_audio/fireworks/data/original_labeled_clips/neg,,,frwrks_17.wav,0
frwrks_18.wav,No,,/Users/amy/Desktop/birdnet_audio/fireworks/data/original_labeled_clips/neg,,,frwrks_18.wav,0
frwrks_19.wav,No,,/Users/amy/Desktop/birdnet_audio/fireworks/data/original_labeled_clips/neg,,,frwrks_19.wav,0
frwrks_2.wav,No,,/Users/amy/Desktop/birdnet_audio/fireworks/data/original_labeled_clips/neg,,,frwrks_2.wav,0
frwrks_20.wav,No,,/Users/amy/Desktop/birdnet_audio/fireworks/data/original_labeled_clips/neg,,,frwrks_20.wav,0
frwrks_21.wav,No,,/Users/amy/Desktop/birdnet_audio/fireworks/data/original_labeled_clips/neg,,,frwrks_21.wav,0
frwrks_22.wav,No,,/Users/amy/Desktop/birdnet_audio/fireworks/data/original_labeled_clips/neg,,,frwrks_22.wav,0
frwrks_23.wav,No,,/Users/amy/Desktop/birdnet_audio/fireworks/data/original_labeled_clips/neg,,,frwrks_23.wav,0
frwrks_24.wav,No,,/Users/amy/Desktop/birdnet_audio/fireworks/data/original_labeled_clips/neg,,,frwrks_24.wav,0
frwrks_25.wav,No,,/Users/amy/Desktop/birdnet_audio/fireworks/data/original_labeled_clips/neg,,,frwrks_25.wav,0
frwrks_26.wav,No,,/Users/amy/Desktop/birdnet_audio/fireworks/data/original_labeled_clips/neg,,,frwrks_26.wav,0
frwrks_27.wav,No,,/Users/amy/Desktop/birdnet_audio/fireworks/data/original_labeled_clips/neg,,,frwrks_27.wav,0
frwrks_28.wav,No,,/Users/amy/Desktop/birdnet_audio/fireworks/data/original_labeled_clips/neg,,,frwrks_28.wav,0
frwrks_29.wav,No,,/Users/amy/Desktop/birdnet_audio/fireworks/data/original_labeled_clips/neg,,,frwrks_29.wav,0
frwrks_30.wav,No,,/Users/amy/Desktop/birdnet_audio/fireworks/data/original_labeled_clips/neg,,,frwrks_30.wav,0
frwrks_31.wav,No,,/Users/amy/Desktop/birdnet_audio/fireworks/data/original_labeled_clips/neg,,,frwrks_31.wav,0
frwrks_32.wav,No,,/Users/amy/Desktop/birdnet_audio/fireworks/data/original_labeled_clips/neg,,,frwrks_32.wav,0
frwrks_34.wav,No,,/Users/amy/Desktop/birdnet_audio/fireworks/data/original_labeled_clips/neg,,,frwrks_34.wav,0
frwrks_36.wav,No,,/Users/amy/Desktop/birdnet_audio/fireworks/data/original_labeled_clips/neg,,,frwrks_36.wav,0
frwrks_45.wav,No,,/Users/amy/Desktop/birdnet_audio/fireworks/data/original_labeled_clips/neg,,,frwrks_45.wav,0
frwrks_46.wav,No,,/Users/amy/Desktop/birdnet_audio/fireworks/data/original_labeled_clips/neg,,,frwrks_46.wav,0
frwrks_48.wav,No,,/Users/amy/Desktop/birdnet_audio/fireworks/data/original_labeled_clips/neg,,,frwrks_48.wav,0
frwrks_58.wav,No,,/Users/amy/Desktop/birdnet_audio/fireworks/data/original_labeled_clips/neg,,,frwrks_58.wav,0
frwrks_6.wav,No,,/Users/amy/Desktop/birdnet_audio/fireworks/data/original_labeled_clips/neg,,,frwrks_6.wav,0
frwrks_67.wav,No,,/Users/amy/Desktop/birdnet_audio/fireworks/data/original_labeled_clips/neg,,,frwrks_67.wav,0
gungun_100.wav,No,,/Users/amy/Desktop/birdnet_audio/gun/data/original_labeled_clips/neg,,,gungun_100.wav,0
gungun_101.wav,No,,/Users/amy/Desktop/birdnet_audio/gun/data/original_labeled_clips/neg,,,gungun_101.wav,0
gungun_102.wav,No,,/Users/amy/Desktop/birdnet_audio/gun/data/original_labeled_clips/neg,,,gungun_102.wav,0
gungun_103.wav,No,,/Users/amy/Desktop/birdnet_audio/gun/data/original_labeled_clips/neg,,,gungun_103.wav,0
gungun_104.wav,No,,/Users/amy/Desktop/birdnet_audio/gun/data/original_labeled_clips/neg,,,gungun_104.wav,0
gungun_136.wav,No,,/Users/amy/Desktop/birdnet_audio/gun/data/original_labeled_clips/neg,,,gungun_136.wav,0
gungun_140.wav,No,,/Users/amy/Desktop/birdnet_audio/gun/data/original_labeled_clips/neg,,,gungun_140.wav,0
gungun_141.wav,No,,/Users/amy/Desktop/birdnet_audio/gun/data/original_labeled_clips/neg,,,gungun_141.wav,0
gungun_142.wav,No,,/Users/amy/Desktop/birdnet_audio/gun/data/original_labeled_clips/neg,,,gungun_142.wav,0
gungun_143.wav,No,,/Users/amy/Desktop/birdnet_audio/gun/data/original_labeled_clips/neg,,,gungun_143.wav,0
gungun_144.wav,No,,/Users/amy/Desktop/birdnet_audio/gun/data/original_labeled_clips/neg,,,gungun_144.wav,0
gungun_17.wav,No,,/Users/amy/Desktop/birdnet_audio/gun/data/original_labeled_clips/neg,,,gungun_17.wav,0
gungun_180.wav,No,,/Users/amy/Desktop/birdnet_audio/gun/data/original_labeled_clips/neg,,,gungun_180.wav,0
gungun_181.wav,No,,/Users/amy/Desktop/birdnet_audio/gun/data/original_labeled_clips/neg,,,gungun_181.wav,0
gungun_183.wav,No,,/Users/amy/Desktop/birdnet_audio/gun/data/original_labeled_clips/neg,,,gungun_183.wav,0
gungun_3.wav,No,,/Users/amy/Desktop/birdnet_audio/gun/data/original_labeled_clips/neg,,,gungun_3.wav,0
gungun_5.wav,No,,/Users/amy/Desktop/birdnet_audio/gun/data/original_labeled_clips/neg,,,gungun_5.wav,0
gungun_50.wav,No,,/Users/amy/Desktop/birdnet_audio/gun/data/original_labeled_clips/neg,,,gungun_50.wav,0
gungun_51.wav,No,,/Users/amy/Desktop/birdnet_audio/gun/data/original_labeled_clips/neg,,,gungun_51.wav,0
gungun_52.wav,No,,/Users/amy/Desktop/birdnet_audio/gun/data/original_labeled_clips/neg,,,gungun_52.wav,0
gungun_58.wav,No,,/Users/amy/Desktop/birdnet_audio/gun/data/original_labeled_clips/neg,,,gungun_58.wav,0
gungun_59.wav,No,,/Users/amy/Desktop/birdnet_audio/gun/data/original_labeled_clips/neg,,,gungun_59.wav,0
gungun_6.wav,No,,/Users/amy/Desktop/birdnet_audio/gun/data/original_labeled_clips/neg,,,gungun_6.wav,0
gungun_87.wav,No,,/Users/amy/Desktop/birdnet_audio/gun/data/original_labeled_clips/neg,,,gungun_87.wav,0
gungun_88.wav,No,,/Users/amy/Desktop/birdnet_audio/gun/data/original_labeled_clips/neg,,,gungun_88.wav,0
gungun_89.wav,No,,/Users/amy/Desktop/birdnet_audio/gun/data/original_labeled_clips/neg,,,gungun_89.wav,0
gungun_86.wav,No,,/Users/amy/Desktop/birdnet_audio/gun/data/original_labeled_clips/neg,,,gungun_86.wav,0
gungun_85.wav,No,,/Users/amy/Desktop/birdnet_audio/gun/data/original_labeled_clips/neg,,,gungun_85.wav,0
gungun_90.wav,No,,/Users/amy/Desktop/birdnet_audio/gun/data/original_labeled_clips/neg,,,gungun_90.wav,0
gungun_91.wav,No,,/Users/amy/Desktop/birdnet_audio/gun/data/original_labeled_clips/neg,,,gungun_91.wav,0
gungun_92.wav,No,,/Users/amy/Desktop/birdnet_audio/gun/data/original_labeled_clips/neg,,,gungun_92.wav,0
gungun_93.wav,No,,/Users/amy/Desktop/birdnet_audio/gun/data/original_labeled_clips/neg,,,gungun_93.wav,0
gungun_9.wav,No,,/Users/amy/Desktop/birdnet_audio/gun/data/original_labeled_clips/neg,,,gungun_9.wav,0
gungun_97.wav,No,,/Users/amy/Desktop/birdnet_audio/gun/data/original_labeled_clips/neg,,,gungun_97.wav,0
gungun_98.wav,No,,/Users/amy/Desktop/birdnet_audio/gun/data/original_labeled_clips/neg,,,gungun_98.wav,0
gungun_99.wav,No,,/Users/amy/Desktop/birdnet_audio/gun/data/original_labeled_clips/neg,,,gungun_99.wav,0
gungun_96.wav,No,,/Users/amy/Desktop/birdnet_audio/gun/data/original_labeled_clips/neg,,,gungun_96.wav,0
gungun_95.wav,No,,/Users/amy/Desktop/birdnet_audio/gun/data/original_labeled_clips/neg,,,gungun_95.wav,0
gungun_94.wav,No,,/Users/amy/Desktop/birdnet_audio/gun/data/original_labeled_clips/neg,,,gungun_94.wav,0
gungun_60.wav,No,,/Users/amy/Desktop/birdnet_audio/gun/data/original_labeled_clips/neg,,,gungun_60.wav,0
gungun_61.wav,No,,/Users/amy/Desktop/birdnet_audio/gun/data/original_labeled_clips/neg,,,gungun_61.wav,0
gungun_62.wav,No,,/Users/amy/Desktop/birdnet_audio/gun/data/original_labeled_clips/neg,,,gungun_62.wav,0
gungun_63.wav,No,,/Users/amy/Desktop/birdnet_audio/gun/data/original_labeled_clips/neg,,,gungun_63.wav,0
gungun_64.wav,No,,/Users/amy/Desktop/birdnet_audio/gun/data/original_labeled_clips/neg,,,gungun_64.wav,0
gungun_65.wav,No,,/Users/amy/Desktop/birdnet_audio/gun/data/original_labeled_clips/neg,,,gungun_65.wav,0
gungun_66.wav,No,,/Users/amy/Desktop/birdnet_audio/gun/data/original_labeled_clips/neg,,,gungun_66.wav,0
gungun_67.wav,No,,/Users/amy/Desktop/birdnet_audio/gun/data/original_labeled_clips/neg,,,gungun_67.wav,0
gungun_68.wav,No,,/Users/amy/Desktop/birdnet_audio/gun/data/original_labeled_clips/neg,,,gungun_68.wav,0
gungun_69.wav,No,,/Users/amy/Desktop/birdnet_audio/gun/data/original_labeled_clips/neg,,,gungun_69.wav,0
gungun_1.wav,No,,/Users/amy/Desktop/birdnet_audio/gun/data/original_labeled_clips/neg,,,gungun_1.wav,0
humvoc_583.wav,No,,/Users/amy/Desktop/birdnet_audio/human_vocal/data/original_labeled_clips/neg,,,humvoc_583.wav,0
humvoc_584.wav,No,,/Users/amy/Desktop/birdnet_audio/human_vocal/data/original_labeled_clips/neg,,,humvoc_584.wav,0
humvoc_585.wav,No,,/Users/amy/Desktop/birdnet_audio/human_vocal/data/original_labeled_clips/neg,,,humvoc_585.wav,0
humvoc_586.wav,No,,/Users/amy/Desktop/birdnet_audio/human_vocal/data/original_labeled_clips/neg,,,humvoc_586.wav,0
humvoc_587.wav,No,,/Users/amy/Desktop/birdnet_audio/human_vocal/data/original_labeled_clips/neg,,,humvoc_587.wav,0
humvoc_588.wav,No,,/Users/amy/Desktop/birdnet_audio/human_vocal/data/original_labeled_clips/neg,,,humvoc_588.wav,0
humvoc_589.wav,No,,/Users/amy/Desktop/birdnet_audio/human_vocal/data/original_labeled_clips/neg,,,humvoc_589.wav,0
humvoc_590.wav,No,,/Users/amy/Desktop/birdnet_audio/human_vocal/data/original_labeled_clips/neg,,,humvoc_590.wav,0
humvoc_591.wav,No,,/Users/amy/Desktop/birdnet_audio/human_vocal/data/original_labeled_clips/neg,,,humvoc_591.wav,0
humvoc_592.wav,No,,/Users/amy/Desktop/birdnet_audio/human_vocal/data/original_labeled_clips/neg,,,humvoc_592.wav,0
humvoc_593.wav,No,,/Users/amy/Desktop/birdnet_audio/human_vocal/data/original_labeled_clips/neg,,,humvoc_593.wav,0
humvoc_594.wav,No,,/Users/amy/Desktop/birdnet_audio/human_vocal/data/original_labeled_clips/neg,,,humvoc_594.wav,0
humvoc_595.wav,No,,/Users/amy/Desktop/birdnet_audio/human_vocal/data/original_labeled_clips/neg,,,humvoc_595.wav,0
humvoc_596.wav,No,,/Users/amy/Desktop/birdnet_audio/human_vocal/data/original_labeled_clips/neg,,,humvoc_596.wav,0
humvoc_597.wav,No,,/Users/amy/Desktop/birdnet_audio/human_vocal/data/original_labeled_clips/neg,,,humvoc_597.wav,0
humvoc_598.wav,No,,/Users/amy/Desktop/birdnet_audio/human_vocal/data/original_labeled_clips/neg,,,humvoc_598.wav,0
humvoc_599.wav,No,,/Users/amy/Desktop/birdnet_audio/human_vocal/data/original_labeled_clips/neg,,,humvoc_599.wav,0
humvoc_6.wav,No,,/Users/amy/Desktop/birdnet_audio/human_vocal/data/original_labeled_clips/neg,,,humvoc_6.wav,0
humvoc_600.wav,No,,/Users/amy/Desktop/birdnet_audio/human_vocal/data/original_labeled_clips/neg,,,humvoc_600.wav,0
humvoc_601.wav,No,,/Users/amy/Desktop/birdnet_audio/human_vocal/data/original_labeled_clips/neg,,,humvoc_601.wav,0
humvoc_602.wav,No,,/Users/amy/Desktop/birdnet_audio/human_vocal/data/original_labeled_clips/neg,,,humvoc_602.wav,0
humvoc_603.wav,No,,/Users/amy/Desktop/birdnet_audio/human_vocal/data/original_labeled_clips/neg,,,humvoc_603.wav,0
humvoc_604.wav,No,,/Users/amy/Desktop/birdnet_audio/human_vocal/data/original_labeled_clips/neg,,,humvoc_604.wav,0
humvoc_605.wav,No,,/Users/amy/Desktop/birdnet_audio/human_vocal/data/original_labeled_clips/neg,,,humvoc_605.wav,0
humvoc_61.wav,No,,/Users/amy/Desktop/birdnet_audio/human_vocal/data/original_labeled_clips/neg,,,humvoc_61.wav,0
humvoc_199.wav,No,,/Users/amy/Desktop/birdnet_audio/human_vocal/data/original_labeled_clips/pos,,,humvoc_199.wav,0
humvoc_208.wav,No,,/Users/amy/Desktop/birdnet_audio/human_vocal/data/original_labeled_clips/pos,,,humvoc_208.wav,0
humvoc_210.wav,No,,/Users/amy/Desktop/birdnet_audio/human_vocal/data/original_labeled_clips/pos,,,humvoc_210.wav,0
humvoc_211.wav,No,,/Users/amy/Desktop/birdnet_audio/human_vocal/data/original_labeled_clips/pos,,,humvoc_211.wav,0
humvoc_216.wav,No,,/Users/amy/Desktop/birdnet_audio/human_vocal/data/original_labeled_clips/pos,,,humvoc_216.wav,0
humvoc_217.wav,No,,/Users/amy/Desktop/birdnet_audio/human_vocal/data/original_labeled_clips/pos,,,humvoc_217.wav,0
humvoc_218.wav,No,,/Users/amy/Desktop/birdnet_audio/human_vocal/data/original_labeled_clips/pos,,,humvoc_218.wav,0
humvoc_369.wav,No,,/Users/amy/Desktop/birdnet_audio/human_vocal/data/original_labeled_clips/pos,,,humvoc_369.wav,0
humvoc_491.wav,No,,/Users/amy/Desktop/birdnet_audio/human_vocal/data/original_labeled_clips/pos,,,humvoc_491.wav,0
humvoc_546.wav,No,,/Users/amy/Desktop/birdnet_audio/human_vocal/data/original_labeled_clips/pos,,,humvoc_546.wav,0
humvoc_547.wav,No,,/Users/amy/Desktop/birdnet_audio/human_vocal/data/original_labeled_clips/pos,,,humvoc_547.wav,0
humvoc_549.wav,No,,/Users/amy/Desktop/birdnet_audio/human_vocal/data/original_labeled_clips/pos,,,humvoc_549.wav,0
humvoc_550.wav,No,,/Users/amy/Desktop/birdnet_audio/human_vocal/data/original_labeled_clips/pos,,,humvoc_550.wav,0
humvoc_551.wav,No,,/Users/amy/Desktop/birdnet_audio/human_vocal/data/original_labeled_clips/pos,,,humvoc_551.wav,0
humvoc_552.wav,No,,/Users/amy/Desktop/birdnet_audio/human_vocal/data/original_labeled_clips/pos,,,humvoc_552.wav,0
humvoc_553.wav,No,,/Users/amy/Desktop/birdnet_audio/human_vocal/data/original_labeled_clips/pos,,,humvoc_553.wav,0
humvoc_554.wav,No,,/Users/amy/Desktop/birdnet_audio/human_vocal/data/original_labeled_clips/pos,,,humvoc_554.wav,0
humvoc_555.wav,No,,/Users/amy/Desktop/birdnet_audio/human_vocal/data/original_labeled_clips/pos,,,humvoc_555.wav,0
humvoc_556.wav,No,,/Users/amy/Desktop/birdnet_audio/human_vocal/data/original_labeled_clips/pos,,,humvoc_556.wav,0
humvoc_557.wav,No,,/Users/amy/Desktop/birdnet_audio/human_vocal/data/original_labeled_clips/pos,,,humvoc_557.wav,0
humvoc_558.wav,No,,/Users/amy/Desktop/birdnet_audio/human_vocal/data/original_labeled_clips/pos,,,humvoc_558.wav,0
humvoc_559.wav,No,,/Users/amy/Desktop/birdnet_audio/human_vocal/data/original_labeled_clips/pos,,,humvoc_559.wav,0
humvoc_560.wav,No,,/Users/amy/Desktop/birdnet_audio/human_vocal/data/original_labeled_clips/pos,,,humvoc_560.wav,0
humvoc_561.wav,No,,/Users/amy/Desktop/birdnet_audio/human_vocal/data/original_labeled_clips/pos,,,humvoc_561.wav,0
humvoc_524.wav,No,,/Users/amy/Desktop/birdnet_audio/human_vocal/data/original_labeled_clips/pos,,,humvoc_524.wav,0
t-11127057_213.wav,No,,/Users/amy/Desktop/birdnet_audio/pacific_chorus_frog/data/original_labeled_clips/pos,,,t-11127057_213.wav,0
t-11127057_222.wav,No,,/Users/amy/Desktop/birdnet_audio/pacific_chorus_frog/data/original_labeled_clips/pos,,,t-11127057_222.wav,0
t-11127057_223.wav,No,,/Users/amy/Desktop/birdnet_audio/pacific_chorus_frog/data/original_labeled_clips/pos,,,t-11127057_223.wav,0
t-11127057_233.wav,No,,/Users/amy/Desktop/birdnet_audio/pacific_chorus_frog/data/original_labeled_clips/pos,,,t-11127057_233.wav,0
t-11127057_234.wav,No,,/Users/amy/Desktop/birdnet_audio/pacific_chorus_frog/data/original_labeled_clips/pos,,,t-11127057_234.wav,0
t-11127057_242.wav,No,,/Users/amy/Desktop/birdnet_audio/pacific_chorus_frog/data/original_labeled_clips/pos,,,t-11127057_242.wav,0
t-11127057_243.wav,No,,/Users/amy/Desktop/birdnet_audio/pacific_chorus_frog/data/original_labeled_clips/pos,,,t-11127057_243.wav,0
t-11127057_256.wav,No,,/Users/amy/Desktop/birdnet_audio/pacific_chorus_frog/data/original_labeled_clips/pos,,,t-11127057_256.wav,0
t-11127057_265.wav,No,,/Users/amy/Desktop/birdnet_audio/pacific_chorus_frog/data/original_labeled_clips/pos,,,t-11127057_265.wav,0
t-11127057_266.wav,No,,/Users/amy/Desktop/birdnet_audio/pacific_chorus_frog/data/original_labeled_clips/pos,,,t-11127057_266.wav,0
t-11127057_278.wav,No,,/Users/amy/Desktop/birdnet_audio/pacific_chorus_frog/data/original_labeled_clips/pos,,,t-11127057_278.wav,0
t-11127057_304.wav,No,,/Users/amy/Desktop/birdnet_audio/pacific_chorus_frog/data/original_labeled_clips/pos,,,t-11127057_304.wav,0
t-11127057_306.wav,No,,/Users/amy/Desktop/birdnet_audio/pacific_chorus_frog/data/original_labeled_clips/pos,,,t-11127057_306.wav,0
t-11127057_307.wav,No,,/Users/amy/Desktop/birdnet_audio/pacific_chorus_frog/data/original_labeled_clips/pos,,,t-11127057_307.wav,0
t-11127057_308.wav,No,,/Users/amy/Desktop/birdnet_audio/pacific_chorus_frog/data/original_labeled_clips/pos,,,t-11127057_308.wav,0
t-11127057_326.wav,No,,/Users/amy/Desktop/birdnet_audio/pacific_chorus_frog/data/original_labeled_clips/pos,,,t-11127057_326.wav,0
t-11127057_336.wav,No,,/Users/amy/Desktop/birdnet_audio/pacific_chorus_frog/data/original_labeled_clips/pos,,,t-11127057_336.wav,0
t-11127057_346.wav,No,,/Users/amy/Desktop/birdnet_audio/pacific_chorus_frog/data/original_labeled_clips/pos,,,t-11127057_346.wav,0
t-11127057_376.wav,No,,/Users/amy/Desktop/birdnet_audio/pacific_chorus_frog/data/original_labeled_clips/pos,,,t-11127057_376.wav,0
t-11127057_385.wav,No,,/Users/amy/Desktop/birdnet_audio/pacific_chorus_frog/data/original_labeled_clips/pos,,,t-11127057_385.wav,0
t-11127057_386.wav,No,,/Users/amy/Desktop/birdnet_audio/pacific_chorus_frog/data/original_labeled_clips/pos,,,t-11127057_386.wav,0
t-11127057_387.wav,No,,/Users/amy/Desktop/birdnet_audio/pacific_chorus_frog/data/original_labeled_clips/pos,,,t-11127057_387.wav,0
t-11127057_696.wav,No,,/Users/amy/Desktop/birdnet_audio/pacific_chorus_frog/data/original_labeled_clips/pos,,,t-11127057_696.wav,0
t-11127057_698.wav,No,,/Users/amy/Desktop/birdnet_audio/pacific_chorus_frog/data/original_labeled_clips/pos,,,t-11127057_698.wav,0
t-11127057_762.wav,No,,/Users/amy/Desktop/birdnet_audio/pacific_chorus_frog/data/original_labeled_clips/pos,,,t-11127057_762.wav,0