sound,user_answer,notes,reviewer_name,review_number,conflicts,Begin File,label
engine_100.wav,No,,Ethan,review2,,engine_100,0
engine_101.wav,No,,Amy,review2,,engine_101,0
engine_102.wav,No,,Amy,review1,,engine_102,0
engine_103.wav,No,,Rohit,review2,,engine_103,0
engine_104.wav,No,,Rohit,review1,,engine_104,0
engine_105.wav,No,,Ann,review2,,engine_105,0
engine_106.wav,No,,Diana,review1,,engine_106,0
engine_107.wav,No,,Amy,review2,,engine_107,0
engine_108.wav,No,,Amy,review1,,engine_108,0
engine_109.wav,No,,Ethan,review2,,engine_109,0
engine_11.wav,No,,Amy,review2,,engine_11,0
engine_111.wav,No,,Ann,review2,,engine_111,0
engine_113.wav,Yes,,Ann,review2,,engine_113,1
engine_115.wav,No,,Ethan,review2,,engine_115,0
engine_116.wav,No,,Rohit,review1,,engine_116,0
engine_119.wav,No,,Ethan,review1,,engine_119,0
engine_121.wav,No,,Rohit,review2,,engine_121,0
engine_122.wav,No,,Rohit,review1,,engine_122,0
engine_123.wav,No,,Camille,review1 ,,engine_123,0
engine_124.wav,No,,Ethan,review2,,engine_124,0
engine_125.wav,No,,Camille,review2,,engine_125,0
engine_129.wav,No,,Camille,review1 ,,engine_129,0
engine_13.wav,No,,Ann,review1,,engine_13,0
engine_130.wav,No,,Diana,review1,,engine_130,0
engine_131.wav,No,,Amy,review2,,engine_131,0
engine_132.wav,No,,Amy,review1,,engine_132,0
engine_133.wav,No,,Ethan,review2,,engine_133,0
engine_134.wav,No,,Rohit,review1,,engine_134,0
engine_135.wav,No,,Ethan,review2,,engine_135,0
engine_136.wav,No,,Diana,review1,,engine_136,0
engine_137.wav,No,,Amy,review2,,engine_137,0
engine_138.wav,No,,Amy,review1,,engine_138,0
engine_139.wav,No,,Amy,review2,,engine_139,0
engine_14.wav,No,,Rohit,review1,,engine_14,0
engine_140.wav,No,,Rohit,review1,,engine_140,0
engine_143.wav,Yes,,Ethan,review1,,engine_143,1
engine_144.wav,No,,Amy,review1,,engine_144,0
engine_146.wav,No,,Rohit,review1,,engine_146,0
engine_15.wav,No,,Ethan,review2,,engine_15,0
engine_152.wav,No,,Rohit,review1,,engine_152,0
engine_153.wav,Maybe,,Ann,review2,,engine_153,-1
engine_157.wav,No,,Ann,review1,,engine_157,0
engine_16.wav,No,,Diana,review1,,engine_16,0
engine_161.wav,No,,Camille,review2,,engine_161,0
engine_163.wav,No,,Rohit,review2,,engine_163,0
engine_164.wav,No,,Rohit,review1,,engine_164,0
engine_165.wav,No,,Camille,review1 ,,engine_165,0
engine_166.wav,No,,Diana,review1,,engine_166,0
engine_167.wav,No,,Ethan,review1,,engine_167,0
engine_169.wav,Yes,,Amy,review2,,engine_169,1
engine_17.wav,No,,Ann,review2,,engine_17,0
engine_170.wav,No,,Rohit,review1,,engine_170,0
engine_171.wav,No,,Ann,review2,,engine_171,0
engine_172.wav,No,,Diana,review1,,engine_172,0
engine_173.wav,No,,Amy,review2,,engine_173,0
engine_174.wav,No,,Amy,review1,,engine_174,0
engine_175.wav,No,,Rohit,review2,,engine_175,0
engine_177.wav,No,,Camille,review1 ,,engine_177,0
engine_178.wav,No,,Diana,review1,,engine_178,0
engine_179.wav,No,,Ethan,review1,,engine_179,0
engine_18.wav,No,,Amy,review1,,engine_18,0
engine_180.wav,No,,Amy,review1,,engine_180,0
engine_181.wav,No,,Amy,review2,,engine_181,0
engine_182.wav,No,,Rohit,review1,,engine_182,0
engine_183.wav,No,,Camille,review1 ,,engine_183,0
engine_184.wav,No,,Diana,review1,,engine_184,0
engine_185.wav,No,,Ethan,review1,,engine_185,0
engine_186.wav,No,,Amy,review1,,engine_186,0
engine_187.wav,No,,Camille,review2,,engine_187,0
engine_188.wav,No,,Rohit,review1,,engine_188,0
engine_189.wav,No,,Ethan,review2,,engine_189,0
engine_19.wav,No,,Ann,review1,,engine_19,0
engine_190.wav,No,,Diana,review1,,engine_190,0
engine_191.wav,No,,Amy,review2,,engine_191,0
engine_192.wav,No,,Amy,review1,,engine_192,0
engine_193.wav,No,,Amy,review2,,engine_193,0
engine_194.wav,No,,Rohit,review1,,engine_194,0
engine_195.wav,No,,Ethan,review2,,engine_195,0
engine_196.wav,No,,Diana,review1,,engine_196,0
engine_197.wav,No,,Ann,review2,,engine_197,0
engine_198.wav,No,,Amy,review1,,engine_198,0
engine_199.wav,No,,Camille,review2,,engine_199,0
engine_20.wav,No,,Rohit,review1,,engine_20,0
engine_200.wav,No,,Rohit,review1,,engine_200,0
engine_201.wav,No,,Camille,review1 ,,engine_201,0
engine_202.wav,No,,Diana,review1,,engine_202,0
engine_203.wav,No,,Amy,review2,,engine_203,0
engine_204.wav,No,,Amy,review1,,engine_204,0
engine_205.wav,No,,Rohit,review2,,engine_205,0
engine_206.wav,No,,Rohit,review1,,engine_206,0
engine_207.wav,No,,Amy,review2,,engine_207,0
engine_208.wav,No,,Diana,review1,,engine_208,0
engine_209.wav,No,,Ethan,review1,,engine_209,0
engine_21.wav,No,,Camille,review1 ,,engine_21,0
engine_211.wav,No,,Amy,review2,,engine_211,0
engine_212.wav,No,,Rohit,review1,,engine_212,0
engine_213.wav,No,,Ann,review2,,engine_213,0
engine_214.wav,No,,Diana,review1,,engine_214,0
engine_215.wav,No,,Amy,review2,,engine_215,0
engine_216.wav,No,,Amy,review1,,engine_216,0
engine_217.wav,No,,Amy,review2,,engine_217,0
engine_218.wav,No,,Rohit,review1,,engine_218,0
engine_219.wav,No,,Ethan,review2,,engine_219,0
engine_22.wav,No,,Diana,review1,,engine_22,0
engine_220.wav,No,,Diana,review1,,engine_220,0
engine_221.wav,No,,Amy,review2,,engine_221,0
engine_222.wav,No,,Amy,review1,,engine_222,0
engine_223.wav,No,,Rohit,review2,,engine_223,0
engine_224.wav,No,,Rohit,review1,,engine_224,0
engine_225.wav,No,,Ann,review2,,engine_225,0
engine_226.wav,No,,Diana,review1,,engine_226,0
engine_227.wav,No,,Amy,review2,,engine_227,0
engine_228.wav,No,,Amy,review1,,engine_228,0
engine_229.wav,No,,Ann,review1,,engine_229,0
engine_23.wav,No,,Camille,review2,,engine_23,0
engine_230.wav,No,,Rohit,review1,,engine_230,0
engine_231.wav,No,,Camille,review1 ,,engine_231,0
engine_232.wav,No,,Diana,review1,,engine_232,0
engine_233.wav,No,,Ethan,review1,,engine_233,0
engine_234.wav,No,,Amy,review1,,engine_234,0
engine_235.wav,No,,Amy,review2,,engine_235,0
engine_236.wav,No,,Rohit,review1,,engine_236,0
engine_237.wav,No,,Amy,review2,,engine_237,0
engine_238.wav,No,,Diana,review1,,engine_238,0
engine_239.wav,No,,Ethan,review1,,engine_239,0
engine_24.wav,No,,Amy,review1,,engine_24,0
engine_240.wav,No,,Amy,review1,,engine_240,0
engine_241.wav,No,,Ann,review1,,engine_241,0
engine_242.wav,No,,Rohit,review1,,engine_242,0
engine_243.wav,No,,Camille,review1 ,,engine_243,0
engine_244.wav,No,,Diana,review1,,engine_244,0
engine_245.wav,No,,Camille,review2,,engine_245,0
engine_246.wav,No,,Amy,review1,,engine_246,0
engine_247.wav,No,,Ann,review1,,engine_247,0
engine_248.wav,No,,Rohit,review1,,engine_248,0
engine_249.wav,No,,Camille,review1 ,,engine_249,0
engine_25.wav,No,,Rohit,review2,,engine_25,0
engine_250.wav,No,,Diana,review1,,engine_250,0
engine_251.wav,No,,Amy,review2,,engine_251,0
engine_252.wav,No,,Amy,review1,,engine_252,0
engine_253.wav,No,,Ethan,review2,,engine_253,0
engine_256.wav,No,,Ethan,review2,,engine_256,0
engine_257.wav,No,,Ann,review2,,engine_257,0
engine_258.wav,No,,Amy,review1,,engine_258,0
engine_259.wav,No,,Amy,review2,,engine_259,0
engine_260.wav,No,,Rohit,review1,,engine_260,0
engine_261.wav,No,,Camille,review1 ,,engine_261,0
engine_262.wav,No,,Diana,review1,,engine_262,0
engine_263.wav,No,,Amy,review2,,engine_263,0
engine_264.wav,No,,Amy,review1,,engine_264,0
engine_266.wav,No,,Rohit,review1,,engine_266,0
engine_267.wav,No,,Ethan,review2,,engine_267,0
engine_269.wav,No,,Amy,review2,,engine_269,0
engine_27.wav,No,,Amy,review2,,engine_27,0
engine_270.wav,No,,Amy,review1,,engine_270,0
engine_271.wav,No,,Ethan,review2,,engine_271,0
engine_272.wav,No,,Rohit,review1,,engine_272,0
engine_273.wav,No,,Ann,review2,,engine_273,0
engine_274.wav,No,,Diana,review1,,engine_274,0
engine_275.wav,No,,Camille,review2,,engine_275,0
engine_276.wav,No,,Amy,review1,,engine_276,0
engine_277.wav,No,,Rohit,review2,,engine_277,0
engine_279.wav,No,,Ann,review2,,engine_279,0
engine_28.wav,No,,Ethan,review2,,engine_28,0
engine_281.wav,No,,Ethan,review1,,engine_281,0
engine_283.wav,No,,Amy,review2,,engine_283,0
engine_285.wav,No,,Ethan,review2,,engine_285,0
engine_287.wav,No,,Ethan,review1,,engine_287,0
engine_288.wav,No,,Amy,review1,,engine_288,0
engine_289.wav,No,,Camille,review2,,engine_289,0
engine_29.wav,No,,Ethan,review1,,engine_29,0
engine_290.wav,No,,Rohit,review1,,engine_290,0
engine_291.wav,No,,Camille,review1 ,,engine_291,0
engine_292.wav,No,,Diana,review1,,engine_292,0
engine_293.wav,Yes,,Ethan,review1,,engine_293,1
engine_294.wav,No,,Amy,review1,,engine_294,0
engine_295.wav,No,,Rohit,review2,,engine_295,0
engine_296.wav,No,,Rohit,review1,,engine_296,0
engine_297.wav,No,,Camille,review1 ,,engine_297,0
engine_298.wav,No,,Diana,review1,,engine_298,0
engine_299.wav,No,,Amy,review2,,engine_299,0
engine_3.wav,No,,Camille,review1 ,,engine_3,0
engine_30.wav,No,,Amy,review1,,engine_30,0
engine_300.wav,No,,Amy,review1,,engine_300,0
engine_301.wav,No,,Ann,review1,,engine_301,0
engine_302.wav,No,,Rohit,review1,,engine_302,0
engine_305.wav,No,,Ethan,review1,,engine_305,0
engine_306.wav,No,,Amy,review1,,engine_306,0
engine_307.wav,No,,Ethan,review2,,engine_307,0
engine_308.wav,No,,Rohit,review1,,engine_308,0
engine_309.wav,No,,Ethan,review2,,engine_309,0
engine_31.wav,No,,Rohit,review2,,engine_31,0
engine_310.wav,No,,Diana,review1,,engine_310,0
engine_311.wav,No,,Ethan,review1,,engine_311,0
engine_312.wav,No,,Amy,review1,,engine_312,0
engine_313.wav,No,,Camille,review2,,engine_313,0
engine_314.wav,No,,Rohit,review1,,engine_314,0
engine_315.wav,No,,Camille,review1 ,,engine_315,0
engine_316.wav,No,,Diana,review1,,engine_316,0
engine_317.wav,No,,Ethan,review1,,engine_317,0
engine_319.wav,No,,Ann,review1,,engine_319,0
engine_32.wav,No,,Rohit,review1,,engine_32,0
engine_321.wav,No,,Ann,review2,,engine_321,0
engine_323.wav,No,,Camille,review2,,engine_323,0
engine_324.wav,No,,Amy,review1,,engine_324,0
engine_325.wav,No,,Ethan,review2,,engine_325,0
engine_326.wav,No,,Rohit,review1,,engine_326,0
engine_327.wav,Yes,,Camille,review1 ,,engine_327,1
engine_329.wav,No,,Ethan,review1,,engine_329,0
engine_33.wav,No,,Camille,review1 ,,engine_33,0
engine_331.wav,No,,Rohit,review2,,engine_331,0
engine_332.wav,No,,Rohit,review1,,engine_332,0
engine_333.wav,No,,Camille,review1 ,,engine_333,0
engine_334.wav,No,,Diana,review1,,engine_334,0
engine_335.wav,No,,Amy,review2,,engine_335,0
engine_336.wav,No,,Amy,review1,,engine_336,0
engine_337.wav,No,,Ethan,review2,,engine_337,0
engine_338.wav,No,,Rohit,review1,,engine_338,0
engine_339.wav,No,,Amy,review2,,engine_339,0
engine_342.wav,Yes,,Amy,review1,,engine_342,1
engine_344.wav,No,,Rohit,review1,,engine_344,0
engine_345.wav,No,,Camille,review1 ,,engine_345,0
engine_346.wav,No,,Ethan,review2,,engine_346,0
engine_349.wav,Yes,,Ann,review1,,engine_349,1
engine_35.wav,No,,Ethan,review1,,engine_35,0
engine_354.wav,Yes,,Amy,review1,,engine_354,1
engine_355.wav,No,,Ann,review1,,engine_355,0
engine_357.wav,Yes,,Camille,review1 ,,engine_357,1
engine_358.wav,Yes,,Diana,review1,,engine_358,1
engine_359.wav,No,,Camille,review2,,engine_359,0
engine_36.wav,No,,Amy,review1,,engine_36,0
engine_361.wav,No,,Rohit,review2,,engine_361,0
engine_362.wav,Yes,,Rohit,review1,,engine_362,1
engine_364.wav,No,,Ethan,review2,,engine_364,0
engine_365.wav,No,,Amy,review2,,engine_365,0
engine_366.wav,No,,Amy,review1,,engine_366,0
engine_367.wav,No,,Ethan,review2,,engine_367,0
engine_368.wav,Yes,,Rohit,review1,,engine_368,1
engine_369.wav,No,,Camille,review1 ,,engine_369,0
engine_37.wav,No,,Amy,review2,,engine_37,0
engine_370.wav,No,,Diana,review1,,engine_370,0
engine_371.wav,No,,Amy,review2,,engine_371,0
engine_372.wav,No,,Amy,review1,,engine_372,0
engine_373.wav,No,,Ethan,review2,,engine_373,0
engine_374.wav,No,,Rohit,review1,,engine_374,0
engine_375.wav,No,,Camille,review1 ,,engine_375,0
engine_376.wav,Yes,,Diana,review1,,engine_376,1
engine_377.wav,No,,Camille,review2,,engine_377,0
engine_379.wav,No,,Camille,review2,,engine_379,0
engine_38.wav,No,,Rohit,review1,,engine_38,0
engine_382.wav,No,,Diana,review1,,engine_382,0
engine_383.wav,No,,Ethan,review1,,engine_383,0
engine_384.wav,No,,Amy,review1,,engine_384,0
engine_385.wav,No,,Camille,review2,,engine_385,0
engine_386.wav,No,,Rohit,review1,,engine_386,0
engine_387.wav,No,,Amy,review2,,engine_387,0
engine_388.wav,Maybe,,Diana,review1,,engine_388,-1
engine_389.wav,No,,Camille,review2,,engine_389,0
engine_39.wav,No,,Ann,review2,,engine_39,0
engine_390.wav,No,,Amy,review1,,engine_390,0
engine_391.wav,No,,Camille,review2,,engine_391,0
engine_392.wav,No,,Rohit,review1,,engine_392,0
engine_393.wav,No,,Ann,review2,,engine_393,0
engine_396.wav,Yes,,Amy,review1,,engine_396,1
engine_399.wav,Yes,,Ethan,review2,,engine_399,1
engine_40.wav,No,,Diana,review1,,engine_40,0
engine_400.wav,Yes,,Diana,review1,,engine_400,1
engine_404.wav,Yes,,Rohit,review1,,engine_404,1
engine_405.wav,No,,Camille,review1 ,,engine_405,0
engine_411.wav,No,,Ethan,review2,,engine_411,0
engine_415.wav,No,,Camille,review2,,engine_415,0
engine_416.wav,No,,Rohit,review1,,engine_416,0
engine_418.wav,No,,Diana,review1,,engine_418,0
engine_419.wav,No,,Camille,review2,,engine_419,0
engine_42.wav,No,,Amy,review1,,engine_42,0
engine_421.wav,No,,Rohit,review2,,engine_421,0
engine_422.wav,No,,Rohit,review1,,engine_422,0
engine_423.wav,No,,Camille,review1 ,,engine_423,0
engine_424.wav,No,,Diana,review1,,engine_424,0
engine_425.wav,No,,Camille,review2,,engine_425,0
engine_426.wav,No,,Amy,review1,,engine_426,0
engine_428.wav,No,,Rohit,review1,,engine_428,0
engine_429.wav,No,,Camille,review1 ,,engine_429,0
engine_43.wav,No,,Ethan,review2,,engine_43,0
engine_430.wav,No,,Ethan,review2,,engine_430,0
engine_431.wav,No,,Ann,review2,,engine_431,0
engine_432.wav,No,,Amy,review1,,engine_432,0
engine_433.wav,No,,Amy,review2,,engine_433,0
engine_434.wav,No,,Rohit,review1,,engine_434,0
engine_435.wav,No,,Camille,review1 ,,engine_435,0
engine_437.wav,No,,Ann,review2,,engine_437,0
engine_439.wav,Yes,,Camille,review2,,engine_439,1
engine_441.wav,No,,Ethan,review2,,engine_441,0
engine_443.wav,No,,Ann,review2,,engine_443,0
engine_444.wav,Yes,,Amy,review1,,engine_444,1
engine_445.wav,No,,Ann,review1,,engine_445,0
engine_448.wav,Yes,,Diana,review1,,engine_448,1
engine_449.wav,No,,Ethan,review1,,engine_449,0
engine_453.wav,No,,Ethan,review2,,engine_453,0
engine_454.wav,No,,Diana,review1,,engine_454,0
engine_455.wav,No,,Camille,review2,,engine_455,0
engine_456.wav,No,,Amy,review1,,engine_456,0
engine_457.wav,No,,Amy,review2,,engine_457,0
engine_458.wav,No,,Rohit,review1,,engine_458,0
engine_459.wav,No,,Ethan,review2,,engine_459,0
engine_46.wav,No,,Diana,review1,,engine_46,0
engine_461.wav,No,,Ann,review2,,engine_461,0
engine_462.wav,No,,Amy,review1,,engine_462,0
engine_463.wav,No,,Camille,review2,,engine_463,0
engine_464.wav,No,,Rohit,review1,,engine_464,0
engine_465.wav,No,,Ann,review2,,engine_465,0
engine_466.wav,No,,Diana,review1,,engine_466,0
engine_467.wav,No,,Ethan,review1,,engine_467,0
engine_469.wav,No,,Camille,review2,,engine_469,0
engine_47.wav,No,,Ann,review2,,engine_47,0
engine_471.wav,No,,Ann,review2,,engine_471,0
engine_472.wav,No,,Diana,review1,,engine_472,0
engine_475.wav,No,,Ann,review1,,engine_475,0
engine_476.wav,Maybe,,Rohit,review1,,engine_476,-1
engine_477.wav,No,,Ann,review2,,engine_477,0
engine_48.wav,No,,Amy,review1,,engine_48,0
engine_481.wav,No,,Ethan,review2,,engine_481,0
engine_482.wav,No,,Rohit,review1,,engine_482,0
engine_483.wav,No,,Ethan,review2,,engine_483,0
engine_484.wav,No,,Diana,review1,,engine_484,0
engine_485.wav,No,,Ethan,review1,,engine_485,0
engine_486.wav,Yes,,Amy,review1,,engine_486,1
engine_488.wav,No,,Rohit,review1,,engine_488,0
engine_489.wav,No,,Ethan,review2,,engine_489,0
engine_49.wav,No,,Rohit,review2,,engine_49,0
engine_490.wav,No,,Diana,review1,,engine_490,0
engine_491.wav,No,,Ann,review2,,engine_491,0
engine_493.wav,No,,Rohit,review2,,engine_493,0
engine_494.wav,No,,Rohit,review1,,engine_494,0
engine_495.wav,No,,Ann,review2,,engine_495,0
engine_496.wav,No,,Diana,review1,,engine_496,0
engine_497.wav,No,,Camille,review2,,engine_497,0
engine_498.wav,No,,Amy,review1,,engine_498,0
engine_499.wav,No,,Ann,review1,,engine_499,0
engine_5.wav,No,,Camille,review2,,engine_5,0
engine_500.wav,No,,Rohit,review1,,engine_500,0
engine_501.wav,No,,Camille,review1 ,,engine_501,0
engine_502.wav,No,,Diana,review1,,engine_502,0
engine_505.wav,No,,Ethan,review2,,engine_505,0
engine_506.wav,No,,Rohit,review1,,engine_506,0
engine_507.wav,No,,Amy,review2,,engine_507,0
engine_508.wav,No,,Ethan,review2,,engine_508,0
engine_509.wav,No,,Ann,review2,,engine_509,0
engine_51.wav,No,,Ann,review2,,engine_51,0
engine_510.wav,No,,Amy,review1,,engine_510,0
engine_511.wav,No,,Ethan,review2,,engine_511,0
engine_512.wav,No,,Rohit,review1,,engine_512,0
engine_514.wav,No,,Diana,review1,,engine_514,0
engine_515.wav,No,,Ann,review2,,engine_515,0
engine_516.wav,No,,Amy,review1,,engine_516,0
engine_517.wav,No,,Ethan,review2,,engine_517,0
engine_518.wav,No,,Rohit,review1,,engine_518,0
engine_519.wav,No,,Camille,review1 ,,engine_519,0
engine_522.wav,No,,Amy,review1,,engine_522,0
engine_523.wav,No,,Amy,review2,,engine_523,0
engine_524.wav,No,,Rohit,review1,,engine_524,0
engine_525.wav,No,,Camille,review1 ,,engine_525,0
engine_526.wav,No,,Diana,review1,,engine_526,0
engine_527.wav,No,,Ann,review2,,engine_527,0
engine_528.wav,No,,Amy,review1,,engine_528,0
engine_529.wav,No,,Amy,review2,,engine_529,0
engine_530.wav,No,,Rohit,review1,,engine_530,0
engine_531.wav,No,,Ann,review2,,engine_531,0
engine_532.wav,No,,Diana,review1,,engine_532,0
engine_533.wav,No,,Amy,review2,,engine_533,0
engine_534.wav,No,,Amy,review1,,engine_534,0
engine_536.wav,No,,Rohit,review1,,engine_536,0
engine_538.wav,No,,Ethan,review2,,engine_538,0
engine_539.wav,No,,Ethan,review1,,engine_539,0
engine_54.wav,No,,Amy,review1,,engine_54,0
engine_541.wav,No,,Ann,review1,,engine_541,0
engine_542.wav,No,,Rohit,review1,,engine_542,0
engine_543.wav,No,,Camille,review1 ,,engine_543,0
engine_544.wav,No,,Diana,review1,,engine_544,0
engine_545.wav,No,,Ethan,review1,,engine_545,0
engine_546.wav,No,,Amy,review1,,engine_546,0
engine_547.wav,No,,Ethan,review2,,engine_547,0
engine_548.wav,Yes,,Rohit,review1,,engine_548,1
engine_55.wav,No,,Ann,review1,,engine_55,0
engine_550.wav,No,,Diana,review1,,engine_550,0
engine_553.wav,No,,Ethan,review2,,engine_553,0
engine_554.wav,No,,Rohit,review1,,engine_554,0
engine_555.wav,No,,Amy,review2,,engine_555,0
engine_556.wav,No,,Ethan,review2,,engine_556,0
engine_557.wav,No,,Camille,review2,,engine_557,0
engine_558.wav,No,,Amy,review1,,engine_558,0
engine_559.wav,No,,Camille,review2,,engine_559,0
engine_56.wav,No,,Rohit,review1,,engine_56,0
engine_560.wav,Yes,,Rohit,review1,,engine_560,1
engine_562.wav,No,,Diana,review1,,engine_562,0
engine_563.wav,Maybe,Airplane,Camille,review2,,engine_563,-1
engine_565.wav,No,,Ann,review1,,engine_565,0
engine_566.wav,No,,Rohit,review1,,engine_566,0
engine_567.wav,No,,Camille,review1 ,,engine_567,0
engine_568.wav,No,,Diana,review1,,engine_568,0
engine_569.wav,No,,Camille,review2,,engine_569,0
engine_57.wav,No,,Camille,review1 ,,engine_57,0
engine_570.wav,No,,Amy,review1,,engine_570,0
engine_571.wav,No,Train,Camille,review2,,engine_571,0
engine_572.wav,No,,Rohit,review1,,engine_572,0
engine_575.wav,Yes,,Ann,review2,,engine_575,1
engine_576.wav,Yes,,Amy,review1,,engine_576,1
engine_58.wav,No,,Diana,review1,,engine_58,0
engine_580.wav,No,,Diana,review1,,engine_580,0
engine_581.wav,Yes,,Ethan,review1,,engine_581,1
engine_582.wav,Yes,,Amy,review1,,engine_582,1
engine_586.wav,No,,Diana,review1,,engine_586,0
engine_589.wav,No,,Amy,review2,,engine_589,0
engine_590.wav,No,,Rohit,review1,,engine_590,0
engine_591.wav,No,,Amy,review2,,engine_591,0
engine_592.wav,No,,Diana,review1,,engine_592,0
engine_593.wav,No,,Ethan,review1,,engine_593,0
engine_594.wav,No,,Amy,review1,,engine_594,0
engine_595.wav,No,,Ann,review1,,engine_595,0
engine_596.wav,No,,Rohit,review1,,engine_596,0
engine_597.wav,No,,Ethan,review2,,engine_597,0
engine_599.wav,No,,Ethan,review1,,engine_599,0
engine_6.wav,No,,Amy,review1,,engine_6,0
engine_600.wav,No,,Amy,review1,,engine_600,0
engine_602.wav,No,,Rohit,review1,,engine_602,0
engine_603.wav,No,,Ethan,review2,,engine_603,0
engine_605.wav,No,,Amy,review2,,engine_605,0
engine_606.wav,No,,Amy,review1,,engine_606,0
engine_607.wav,No,,Rohit,review2,,engine_607,0
engine_608.wav,No,,Rohit,review1,,engine_608,0
engine_609.wav,No,,Camille,review1 ,,engine_609,0
engine_610.wav,No,,Diana,review1,,engine_610,0
engine_611.wav,No,,Ethan,review1,,engine_611,0
engine_612.wav,No,,Amy,review1,,engine_612,0
engine_615.wav,No,,Camille,review1 ,,engine_615,0
engine_616.wav,No,,Diana,review1,,engine_616,0
engine_619.wav,No,,Ann,review1,,engine_619,0
engine_620.wav,No,,Rohit,review1,,engine_620,0
engine_621.wav,No,,Ann,review2,,engine_621,0
engine_622.wav,No,,Ethan,review2,,engine_622,0
engine_627.wav,No,,Camille,review1 ,,engine_627,0
engine_628.wav,No,,Diana,review1,,engine_628,0
engine_63.wav,No,,Camille,review1 ,,engine_63,0
engine_632.wav,No,,Rohit,review1,,engine_632,0
engine_636.wav,Yes,,Amy,review1,,engine_636,1
engine_637.wav,No,,Rohit,review2,,engine_637,0
engine_638.wav,No,,Rohit,review1,,engine_638,0
engine_64.wav,No,,Diana,review1,,engine_64,0
engine_65.wav,No,,Ethan,review1,,engine_65,0
engine_66.wav,No,,Amy,review1,,engine_66,0
engine_68.wav,No,,Rohit,review1,,engine_68,0
engine_69.wav,No,,Ethan,review2,,engine_69,0
engine_7.wav,No,,Ethan,review2,,engine_7,0
engine_70.wav,No,,Diana,review1,,engine_70,0
engine_71.wav,No,,Camille,review2,,engine_71,0
engine_72.wav,No,,Amy,review1,,engine_72,0
engine_74.wav,No,,Rohit,review1,,engine_74,0
engine_75.wav,No,,Amy,review2,,engine_75,0
engine_77.wav,No,,Camille,review2,,engine_77,0
engine_79.wav,No,,Camille,review2,,engine_79,0
engine_8.wav,No,,Rohit,review1,,engine_8,0
engine_80.wav,No,,Rohit,review1,,engine_80,0
engine_81.wav,No,,Ethan,review2,,engine_81,0
engine_82.wav,No,,Diana,review1,,engine_82,0
engine_83.wav,No,,Ethan,review1,,engine_83,0
engine_84.wav,No,,Amy,review1,,engine_84,0
engine_88.wav,No,,Diana,review1,,engine_88,0
engine_89.wav,No,,Ann,review2,,engine_89,0
engine_9.wav,No,,Camille,review1 ,,engine_9,0
engine_90.wav,No,,Amy,review1,,engine_90,0
engine_92.wav,No,,Rohit,review1,,engine_92,0
engine_93.wav,No,,Camille,review1 ,,engine_93,0
engine_94.wav,No,,Diana,review1,,engine_94,0
engine_96.wav,No,,Amy,review1,,engine_96,0
engine_97.wav,No,,Ann,review1,,engine_97,0
engine_98.wav,No,,Rohit,review1,,engine_98,0
engine_99.wav,No,,Ethan,review2,,engine_99,0
engine_95.wav,Yes,,conflicts,resolved,resolved,engine_95,1
engine_91.wav,No,,conflicts,resolved,resolved,engine_91,0
engine_87.wav,Yes,,conflicts,resolved,resolved,engine_87,1
engine_86.wav,Yes,,conflicts,resolved,resolved,engine_86,1
engine_85.wav,Maybe,,conflicts,resolved,resolved,engine_85,-1
engine_78.wav,No,,conflicts,resolved,resolved,engine_78,0
engine_76.wav,Maybe,,conflicts,resolved,resolved,engine_76,-1
engine_73.wav,Yes,,conflicts,resolved,resolved,engine_73,1
engine_67.wav,Yes,,conflicts,resolved,resolved,engine_67,1
engine_635.wav,Yes,,conflicts,resolved,resolved,engine_635,1
engine_634.wav,Yes,,conflicts,resolved,resolved,engine_634,1
engine_633.wav,Yes,,conflicts,resolved,resolved,engine_633,1
engine_631.wav,Yes,,conflicts,resolved,resolved,engine_631,1
engine_630.wav,Yes,,conflicts,resolved,resolved,engine_630,1
engine_629.wav,Yes,,conflicts,resolved,resolved,engine_629,1
engine_626.wav,Yes,,conflicts,resolved,resolved,engine_626,1
engine_625.wav,Yes,,conflicts,resolved,resolved,engine_625,1
engine_624.wav,Yes,,conflicts,resolved,resolved,engine_624,1
engine_623.wav,Yes,,conflicts,resolved,resolved,engine_623,1
engine_62.wav,Maybe,,conflicts,resolved,resolved,engine_62,-1
engine_618.wav,Yes,,conflicts,resolved,resolved,engine_618,1
engine_617.wav,Yes,,conflicts,resolved,resolved,engine_617,1
engine_614.wav,No,,conflicts,resolved,resolved,engine_614,0
engine_613.wav,Yes,,conflicts,resolved,resolved,engine_613,1
engine_61.wav,Maybe,,conflicts,resolved,resolved,engine_61,-1
engine_604.wav,No,,conflicts,resolved,resolved,engine_604,0
engine_601.wav,Yes,,conflicts,resolved,resolved,engine_601,1
engine_60.wav,No,,conflicts,resolved,resolved,engine_60,0
engine_598.wav,No,,conflicts,resolved,resolved,engine_598,0
engine_59.wav,No,,conflicts,resolved,resolved,engine_59,0
engine_588.wav,No,,conflicts,resolved,resolved,engine_588,0
engine_587.wav,Yes,,conflicts,resolved,resolved,engine_587,1
engine_585.wav,Yes,,conflicts,resolved,resolved,engine_585,1
engine_584.wav,Maybe,,conflicts,resolved,resolved,engine_584,-1
engine_583.wav,Maybe,,conflicts,resolved,resolved,engine_583,-1
engine_579.wav,Maybe,,conflicts,resolved,resolved,engine_579,-1
engine_578.wav,Yes,,conflicts,resolved,resolved,engine_578,1
engine_577.wav,Yes,,conflicts,resolved,resolved,engine_577,1
engine_574.wav,Yes,,conflicts,resolved,resolved,engine_574,1
engine_573.wav,Yes,,conflicts,resolved,resolved,engine_573,1
engine_564.wav,Yes,,conflicts,resolved,resolved,engine_564,1
engine_561.wav,Yes,,conflicts,resolved,resolved,engine_561,1
engine_552.wav,Yes,,conflicts,resolved,resolved,engine_552,1
engine_551.wav,Yes,,conflicts,resolved,resolved,engine_551,1
engine_549.wav,Yes,,conflicts,resolved,resolved,engine_549,1
engine_540.wav,Yes,,conflicts,resolved,resolved,engine_540,1
engine_537.wav,Yes,,conflicts,resolved,resolved,engine_537,1
engine_535.wav,Yes,,conflicts,resolved,resolved,engine_535,1
engine_53.wav,No,,conflicts,resolved,resolved,engine_53,0
engine_521.wav,No,,conflicts,resolved,resolved,engine_521,0
engine_520.wav,No,,conflicts,resolved,resolved,engine_520,0
engine_52.wav,Yes,,conflicts,resolved,resolved,engine_52,1
engine_513.wav,Yes,,conflicts,resolved,resolved,engine_513,1
engine_504.wav,No,,conflicts,resolved,resolved,engine_504,0
engine_503.wav,No,,conflicts,resolved,resolved,engine_503,0
engine_50.wav,Maybe,,conflicts,resolved,resolved,engine_50,-1
engine_492.wav,Yes,,conflicts,resolved,resolved,engine_492,1
engine_487.wav,Yes,,conflicts,resolved,resolved,engine_487,1
engine_480.wav,Yes,,conflicts,resolved,resolved,engine_480,1
engine_479.wav,Yes,,conflicts,resolved,resolved,engine_479,1
engine_478.wav,Yes,,conflicts,resolved,resolved,engine_478,1
engine_474.wav,Yes,,conflicts,resolved,resolved,engine_474,1
engine_473.wav,Yes,,conflicts,resolved,resolved,engine_473,1
engine_470.wav,Yes,,conflicts,resolved,resolved,engine_470,1
engine_468.wav,Yes,,conflicts,resolved,resolved,engine_468,1
engine_460.wav,No,,conflicts,resolved,resolved,engine_460,0
engine_452.wav,No,,conflicts,resolved,resolved,engine_452,0
engine_451.wav,Yes,,conflicts,resolved,resolved,engine_451,1
engine_450.wav,Maybe,,conflicts,resolved,resolved,engine_450,-1
engine_45.wav,Maybe,,conflicts,resolved,resolved,engine_45,-1
engine_447.wav,Yes,,conflicts,resolved,resolved,engine_447,1
engine_446.wav,Yes,,conflicts,resolved,resolved,engine_446,1
engine_442.wav,Yes,,conflicts,resolved,resolved,engine_442,1
engine_440.wav,Maybe,,conflicts,resolved,resolved,engine_440,-1
engine_44.wav,No,,conflicts,resolved,resolved,engine_44,0
engine_438.wav,Yes,,conflicts,resolved,resolved,engine_438,1
engine_436.wav,Maybe,,conflicts,resolved,resolved,engine_436,-1
engine_427.wav,Yes,,conflicts,resolved,resolved,engine_427,1
engine_420.wav,Yes,,conflicts,resolved,resolved,engine_420,1
engine_417.wav,Maybe,,conflicts,resolved,resolved,engine_417,-1
engine_414.wav,Yes,,conflicts,resolved,resolved,engine_414,1
engine_413.wav,Yes,,conflicts,resolved,resolved,engine_413,1
engine_412.wav,Yes,,conflicts,resolved,resolved,engine_412,1
engine_410.wav,Yes,,conflicts,resolved,resolved,engine_410,1
engine_41.wav,Maybe,,conflicts,resolved,resolved,engine_41,-1
engine_409.wav,Yes,,conflicts,resolved,resolved,engine_409,1
engine_408.wav,Yes,,conflicts,resolved,resolved,engine_408,1
engine_407.wav,Yes,,conflicts,resolved,resolved,engine_407,1
engine_406.wav,Yes,,conflicts,resolved,resolved,engine_406,1
engine_403.wav,Yes,,conflicts,resolved,resolved,engine_403,1
engine_402.wav,Yes,,conflicts,resolved,resolved,engine_402,1
engine_401.wav,Yes,,conflicts,resolved,resolved,engine_401,1
engine_4.wav,No,,conflicts,resolved,resolved,engine_4,0
engine_398.wav,Yes,,conflicts,resolved,resolved,engine_398,1
engine_397.wav,Yes,,conflicts,resolved,resolved,engine_397,1
engine_395.wav,Yes,,conflicts,resolved,resolved,engine_395,1
engine_394.wav,Yes,,conflicts,resolved,resolved,engine_394,1
engine_381.wav,Yes,,conflicts,resolved,resolved,engine_381,1
engine_380.wav,Yes,,conflicts,resolved,resolved,engine_380,1
engine_378.wav,Yes,,conflicts,resolved,resolved,engine_378,1
engine_363.wav,Yes,,conflicts,resolved,resolved,engine_363,1
engine_360.wav,No,,conflicts,resolved,resolved,engine_360,0
engine_356.wav,Yes,,conflicts,resolved,resolved,engine_356,1
engine_353.wav,Yes,,conflicts,resolved,resolved,engine_353,1
engine_352.wav,Yes,,conflicts,resolved,resolved,engine_352,1
engine_351.wav,Yes,,conflicts,resolved,resolved,engine_351,1
engine_350.wav,Yes,,conflicts,resolved,resolved,engine_350,1
engine_348.wav,Yes,,conflicts,resolved,resolved,engine_348,1
engine_347.wav,Maybe,,conflicts,resolved,resolved,engine_347,-1
engine_343.wav,Yes,,conflicts,resolved,resolved,engine_343,1
engine_341.wav,Yes,,conflicts,resolved,resolved,engine_341,1
engine_340.wav,Yes,,conflicts,resolved,resolved,engine_340,1
engine_34.wav,No,,conflicts,resolved,resolved,engine_34,0
engine_330.wav,No,,conflicts,resolved,resolved,engine_330,0
engine_328.wav,No,,conflicts,resolved,resolved,engine_328,0
engine_322.wav,No,,conflicts,resolved,resolved,engine_322,0
engine_320.wav,Yes,,conflicts,resolved,resolved,engine_320,1
engine_318.wav,Yes,,conflicts,resolved,resolved,engine_318,1
engine_304.wav,No,,conflicts,resolved,resolved,engine_304,0
engine_303.wav,Yes,,conflicts,resolved,resolved,engine_303,1
engine_286.wav,Yes,,conflicts,resolved,resolved,engine_286,1
engine_284.wav,Yes,,conflicts,resolved,resolved,engine_284,1
engine_282.wav,No,,conflicts,resolved,resolved,engine_282,0
engine_280.wav,No,,conflicts,resolved,resolved,engine_280,0
engine_278.wav,No,,conflicts,resolved,resolved,engine_278,0
engine_268.wav,No,,conflicts,resolved,resolved,engine_268,0
engine_265.wav,No,,conflicts,resolved,resolved,engine_265,0
engine_26.wav,No,,conflicts,resolved,resolved,engine_26,0
engine_255.wav,No,,conflicts,resolved,resolved,engine_255,0
engine_254.wav,Yes,,conflicts,resolved,resolved,engine_254,1
engine_210.wav,No,,conflicts,resolved,resolved,engine_210,0
engine_2.wav,No,,conflicts,resolved,resolved,engine_2,0
engine_176.wav,Yes,,conflicts,resolved,resolved,engine_176,1
engine_168.wav,No,,conflicts,resolved,resolved,engine_168,0
engine_162.wav,Yes,,conflicts,resolved,resolved,engine_162,1
engine_160.wav,Yes,,conflicts,resolved,resolved,engine_160,1
engine_159.wav,Yes,,conflicts,resolved,resolved,engine_159,1
engine_158.wav,Yes,,conflicts,resolved,resolved,engine_158,1
engine_156.wav,Maybe,,conflicts,resolved,resolved,engine_156,-1
engine_155.wav,No,,conflicts,resolved,resolved,engine_155,0
engine_154.wav,No,,conflicts,resolved,resolved,engine_154,0
engine_151.wav,Yes,,conflicts,resolved,resolved,engine_151,1
engine_150.wav,No,,conflicts,resolved,resolved,engine_150,0
engine_149.wav,Yes,,conflicts,resolved,resolved,engine_149,1
engine_148.wav,Yes,,conflicts,resolved,resolved,engine_148,1
engine_147.wav,No,,conflicts,resolved,resolved,engine_147,0
engine_145.wav,Maybe,,conflicts,resolved,resolved,engine_145,-1
engine_142.wav,Yes,,conflicts,resolved,resolved,engine_142,1
engine_141.wav,Yes,,conflicts,resolved,resolved,engine_141,1
engine_128.wav,No,,conflicts,resolved,resolved,engine_128,0
engine_127.wav,Yes,,conflicts,resolved,resolved,engine_127,1
engine_126.wav,Yes,,conflicts,resolved,resolved,engine_126,1
engine_120.wav,No,,conflicts,resolved,resolved,engine_120,0
engine_12.wav,Yes,,conflicts,resolved,resolved,engine_12,1
engine_118.wav,Yes,,conflicts,resolved,resolved,engine_118,1
engine_117.wav,Yes,,conflicts,resolved,resolved,engine_117,1
engine_114.wav,Yes,,conflicts,resolved,resolved,engine_114,1
engine_112.wav,Yes,,conflicts,resolved,resolved,engine_112,1
engine_110.wav,Yes,,conflicts,resolved,resolved,engine_110,1
engine_10.wav,No,,conflicts,resolved,resolved,engine_10,0
engine_1.wav,No,,conflicts,resolved,resolved,engine_1,0
